Workbook

Sheet Dashboard
A1: Trendyol Karar Destek Dashboard
A3: Özet | B3: Değer
A4: Toplam Ürün | B4: =COUNTA(Products!A2:A1000) -> 464
A5: BuyBox Fiyatı Olan Ürün | B5: =COUNTIF(Products!P2:P1000,">0") -> 204
A6: Hesaplanan Ürün | B6: =COUNTIF('BuyBox Karlilik'!M2:M300,"KÂRLI")+COUNTIF('BuyBox Karlilik'!M2:M300,"ZARAR") -> 184
A7: Kârlı Ürün | B7: =COUNTIF('BuyBox Karlilik'!M2:M300,"KÂRLI") -> 126
A8: Zarar Ürün | B8: =COUNTIF('BuyBox Karlilik'!M2:M300,"ZARAR") -> 58
A9: Eksik Veri | B9: =COUNTIF('BuyBox Karlilik'!M2:M300,"EKSİK VERİ") -> 20
A10: Çok Kârlı | B10: =COUNTIF('BuyBox Karlilik'!T2:T300,"ÇOK KÂRLI") -> 39
A11: Sağlıklı | B11: =COUNTIF('BuyBox Karlilik'!T2:T300,"SAĞLIKLI") -> 27
A12: Düşük Kâr | B12: =COUNTIF('BuyBox Karlilik'!T2:T300,"DÜŞÜK KÂR") -> 30
A13: Riskli | B13: =COUNTIF('BuyBox Karlilik'!T2:T300,"RİSKLİ") -> 30
A14: Tekrarlı Barkod | B14: =COUNTIF('Maliyet Giris'!I2:I550,"Tekrarlı barkod") -> 0
A15: Toplam Net Kâr | B15: =SUM('BuyBox Karlilik'!K2:K300) -> 20898.093
A16: Ortalama Kâr Oranı | B16: =IFERROR(__xludf.DUMMYFUNCTION("IFERROR(AVERAGE(FILTER('BuyBox Karlilik'!L2:L300,'BuyBox Karlilik'!L2:L300<>"""")),0)"),0.07656346898719861) -> 0.076563469
A17: En Yüksek Net Kâr | B17: =MAX('BuyBox Karlilik'!K2:K300) -> 3081.925
A18: En Büyük Zarar | B18: =MIN('BuyBox Karlilik'!K2:K300) -> -263.32333
A20: En Kârlı İlk 10 Ürün
A21: Barkod | B21: Marka | C21: Ürün Adı | D21: BuyBox Fiyatı | E21: Komisyon | F21: Kargo | G21: Maliyet | H21: Net Kâr | I21: Kâr Oranı | J21: Risk | K21: Aksiyon
A22: =IFERROR(__xludf.DUMMYFUNCTION("SORTN(FILTER({'BuyBox Karlilik'!A2:G300,'BuyBox Karlilik'!K2:L300,'BuyBox Karlilik'!T2:U300},'BuyBox Karlilik'!M2:M300=""KÂRLI""),10,0,8,FALSE)"),"H22HBCV000075VENA") -> H22HBCV000075VENA | B22: =IFERROR(__xludf.DUMMYFUNCTION("""COMPUTED_VALUE"""),"Orqinel") -> Orqinel | C22: =IFERROR(__xludf.DUMMYFUNCTION("""COMPUTED_VALUE"""),"Virbac Adult Cat Salmon Neutered & Entire 7 kg") -> Virbac Adult Cat Salmon Neutered & Entire 7 kg | D22: =IFERROR(__xludf.DUMMYFUNCTION("""COMPUTED_VALUE"""),4620.0) -> 4620 | E22: =IFERROR(__xludf.DUMMYFUNCTION("""COMPUTED_VALUE"""),762.3) -> 762.3 | F22: =IFERROR(__xludf.DUMMYFUNCTION("""COMPUTED_VALUE"""),90.0) -> 90 | G22: =IFERROR(__xludf.DUMMYFUNCTION("""COMPUTED_VALUE"""),10.0) -> 10 | H22: =IFERROR(__xludf.DUMMYFUNCTION("""COMPUTED_VALUE"""),3081.9249999999997) -> 3081.925 | I22: =IFERROR(__xludf.DUMMYFUNCTION("""COMPUTED_VALUE"""),0.6670833333333333) -> 0.66708333 | J22: =IFERROR(__xludf.DUMMYFUNCTION("""COMPUTED_VALUE"""),"ÇOK KÂRLI") -> ÇOK KÂRLI | K22: =IFERROR(__xludf.DUMMYFUNCTION("""COMPUTED_VALUE"""),"Stok ve BuyBox takibini artır") -> Stok ve BuyBox takibini artır
A23: =IFERROR(__xludf.DUMMYFUNCTION("""COMPUTED_VALUE"""),3.5585356426E10) -> 35585356426 | B23: =IFERROR(__xludf.DUMMYFUNCTION("""COMPUTED_VALUE"""),"Kong") -> Kong | C23: =IFERROR(__xludf.DUMMYFUNCTION("""COMPUTED_VALUE"""),"EXTREMETOP ŞEKLİNDESESLİ VE İPSALLANTILI KÖPEKOYUNCAĞI ULTRASERT L") -> EXTREMETOP ŞEKLİNDESESLİ VE İPSALLANTILI KÖPEKOYUNCAĞI ULTRASERT L | D23: =IFERROR(__xludf.DUMMYFUNCTION("""COMPUTED_VALUE"""),2179.0) -> 2179 | E23: =IFERROR(__xludf.DUMMYFUNCTION("""COMPUTED_VALUE"""),435.8) -> 435.8 | F23: =IFERROR(__xludf.DUMMYFUNCTION("""COMPUTED_VALUE"""),86.4) -> 86.4 | G23: =IFERROR(__xludf.DUMMYFUNCTION("""COMPUTED_VALUE"""),347.76) -> 347.76 | H23: =IFERROR(__xludf.DUMMYFUNCTION("""COMPUTED_VALUE"""),1061.7166666666667) -> 1061.7167 | I23: =IFERROR(__xludf.DUMMYFUNCTION("""COMPUTED_VALUE"""),0.48724950283004437) -> 0.4872495 | J23: =IFERROR(__xludf.DUMMYFUNCTION("""COMPUTED_VALUE"""),"ÇOK KÂRLI") -> ÇOK KÂRLI | K23: =IFERROR(__xludf.DUMMYFUNCTION("""COMPUTED_VALUE"""),"Stok ve BuyBox takibini artır") -> Stok ve BuyBox takibini artır
A24: =IFERROR(__xludf.DUMMYFUNCTION("""COMPUTED_VALUE"""),4.49531020003577E14) -> 449531020003577 | B24: =IFERROR(__xludf.DUMMYFUNCTION("""COMPUTED_VALUE"""),"Royal Canin") -> Royal Canin | C24: =IFERROR(__xludf.DUMMYFUNCTION("""COMPUTED_VALUE"""),"Gravy Ageing +12 Kedi Yaş Mama 85 Gr. X 24 Adet") -> Gravy Ageing +12 Kedi Yaş Mama 85 Gr. X 24 Adet | D24: =IFERROR(__xludf.DUMMYFUNCTION("""COMPUTED_VALUE"""),1799.0) -> 1799 | E24: =IFERROR(__xludf.DUMMYFUNCTION("""COMPUTED_VALUE"""),224.875) -> 224.875 | F24: =IFERROR(__xludf.DUMMYFUNCTION("""COMPUTED_VALUE"""),90.0) -> 90 | G24: =IFERROR(__xludf.DUMMYFUNCTION("""COMPUTED_VALUE"""),465.0) -> 465 | H24: =IFERROR(__xludf.DUMMYFUNCTION("""COMPUTED_VALUE"""),823.2875) -> 823.2875 | I24: =IFERROR(__xludf.DUMMYFUNCTION("""COMPUTED_VALUE"""),0.45763618677042806) -> 0.45763619 | J24: =IFERROR(__xludf.DUMMYFUNCTION("""COMPUTED_VALUE"""),"ÇOK KÂRLI") -> ÇOK KÂRLI | K24: =IFERROR(__xludf.DUMMYFUNCTION("""COMPUTED_VALUE"""),"Stok ve BuyBox takibini artır") -> Stok ve BuyBox takibini artır
A25: =IFERROR(__xludf.DUMMYFUNCTION("""COMPUTED_VALUE"""),8.681002997592E12) -> 8681002997592 | B25: =IFERROR(__xludf.DUMMYFUNCTION("""COMPUTED_VALUE"""),"Dreamies") -> Dreamies | C25: =IFERROR(__xludf.DUMMYFUNCTION("""COMPUTED_VALUE"""),"Kedi Ödül Maması Karışık Paket 60 Gr X 36 Adet") -> Kedi Ödül Maması Karışık Paket 60 Gr X 36 Adet | D25: =IFERROR(__xludf.DUMMYFUNCTION("""COMPUTED_VALUE"""),1455.0) -> 1455 | E25: =IFERROR(__xludf.DUMMYFUNCTION("""COMPUTED_VALUE"""),291.0) -> 291 | F25: =IFERROR(__xludf.DUMMYFUNCTION("""COMPUTED_VALUE"""),86.4) -> 86.4 | G25: =IFERROR(__xludf.DUMMYFUNCTION("""COMPUTED_VALUE"""),100.0) -> 100 | H25: =IFERROR(__xludf.DUMMYFUNCTION("""COMPUTED_VALUE"""),791.5499999999998) -> 791.55 | I25: =IFERROR(__xludf.DUMMYFUNCTION("""COMPUTED_VALUE"""),0.5440206185567009) -> 0.54402062 | J25: =IFERROR(__xludf.DUMMYFUNCTION("""COMPUTED_VALUE"""),"ÇOK KÂRLI") -> ÇOK KÂRLI | K25: =IFERROR(__xludf.DUMMYFUNCTION("""COMPUTED_VALUE"""),"Stok ve BuyBox takibini artır") -> Stok ve BuyBox takibini artır
A26: =IFERROR(__xludf.DUMMYFUNCTION("""COMPUTED_VALUE"""),3.5585356389E10) -> 35585356389 | B26: =IFERROR(__xludf.DUMMYFUNCTION("""COMPUTED_VALUE"""),"Kong") -> Kong | C26: =IFERROR(__xludf.DUMMYFUNCTION("""COMPUTED_VALUE"""),"EXTREMEÇOKLU TOPŞEKLİNDE KÖPEKOYUNCAĞI ULTRASERT L") -> EXTREMEÇOKLU TOPŞEKLİNDE KÖPEKOYUNCAĞI ULTRASERT L | D26: =IFERROR(__xludf.DUMMYFUNCTION("""COMPUTED_VALUE"""),2340.0) -> 2340 | E26: =IFERROR(__xludf.DUMMYFUNCTION("""COMPUTED_VALUE"""),468.0) -> 468 | F26: =IFERROR(__xludf.DUMMYFUNCTION("""COMPUTED_VALUE"""),86.4) -> 86.4 | G26: =IFERROR(__xludf.DUMMYFUNCTION("""COMPUTED_VALUE"""),925.2) -> 925.2 | H26: =IFERROR(__xludf.DUMMYFUNCTION("""COMPUTED_VALUE"""),686.508333333333) -> 686.50833 | I26: =IFERROR(__xludf.DUMMYFUNCTION("""COMPUTED_VALUE"""),0.2933796296296295) -> 0.29337963 | J26: =IFERROR(__xludf.DUMMYFUNCTION("""COMPUTED_VALUE"""),"ÇOK KÂRLI") -> ÇOK KÂRLI | K26: =IFERROR(__xludf.DUMMYFUNCTION("""COMPUTED_VALUE"""),"Stok ve BuyBox takibini artır") -> Stok ve BuyBox takibini artır
A27: =IFERROR(__xludf.DUMMYFUNCTION("""COMPUTED_VALUE"""),3.5585356242E10) -> 35585356242 | B27: =IFERROR(__xludf.DUMMYFUNCTION("""COMPUTED_VALUE"""),"Kong") -> Kong | C27: =IFERROR(__xludf.DUMMYFUNCTION("""COMPUTED_VALUE"""),"GOODİERİBBON ÇOKLUTOP ŞEKLİNDEKÖPEKOYUNCAĞI L") -> GOODİERİBBON ÇOKLUTOP ŞEKLİNDEKÖPEKOYUNCAĞI L | D27: =IFERROR(__xludf.DUMMYFUNCTION("""COMPUTED_VALUE"""),2329.0) -> 2329 | E27: =IFERROR(__xludf.DUMMYFUNCTION("""COMPUTED_VALUE"""),465.8) -> 465.8 | F27: =IFERROR(__xludf.DUMMYFUNCTION("""COMPUTED_VALUE"""),86.4) -> 86.4 | G27: =IFERROR(__xludf.DUMMYFUNCTION("""COMPUTED_VALUE"""),919.44) -> 919.44 | H27: =IFERROR(__xludf.DUMMYFUNCTION("""COMPUTED_VALUE"""),684.0666666666666) -> 684.06667 | I27: =IFERROR(__xludf.DUMMYFUNCTION("""COMPUTED_VALUE"""),0.29371690281952195) -> 0.2937169 | J27: =IFERROR(__xludf.DUMMYFUNCTION("""COMPUTED_VALUE"""),"ÇOK KÂRLI") -> ÇOK KÂRLI | K27: =IFERROR(__xludf.DUMMYFUNCTION("""COMPUTED_VALUE"""),"Stok ve BuyBox takibini artır") -> Stok ve BuyBox takibini artır
A28: =IFERROR(__xludf.DUMMYFUNCTION("""COMPUTED_VALUE"""),6.2420056724154E13) -> 62420056724154 | B28: =IFERROR(__xludf.DUMMYFUNCTION("""COMPUTED_VALUE"""),"Dreamies") -> Dreamies | C28: =IFERROR(__xludf.DUMMYFUNCTION("""COMPUTED_VALUE"""),"Kedi Ödül Maması Karışık 60 gr X 24 Adet") -> Kedi Ödül Maması Karışık 60 gr X 24 Adet | D28: =IFERROR(__xludf.DUMMYFUNCTION("""COMPUTED_VALUE"""),1019.08) -> 1019.08 | E28: =IFERROR(__xludf.DUMMYFUNCTION("""COMPUTED_VALUE"""),89.67904) -> 89.67904 | F28: =IFERROR(__xludf.DUMMYFUNCTION("""COMPUTED_VALUE"""),90.0) -> 90 | G28: =IFERROR(__xludf.DUMMYFUNCTION("""COMPUTED_VALUE"""),10.0) -> 10 | H28: =IFERROR(__xludf.DUMMYFUNCTION("""COMPUTED_VALUE"""),671.6834666666666) -> 671.68347 | I28: =IFERROR(__xludf.DUMMYFUNCTION("""COMPUTED_VALUE"""),0.659107691905117) -> 0.65910769 | J28: =IFERROR(__xludf.DUMMYFUNCTION("""COMPUTED_VALUE"""),"ÇOK KÂRLI") -> ÇOK KÂRLI | K28: =IFERROR(__xludf.DUMMYFUNCTION("""COMPUTED_VALUE"""),"Stok ve BuyBox takibini artır") -> Stok ve BuyBox takibini artır
A29: =IFERROR(__xludf.DUMMYFUNCTION("""COMPUTED_VALUE"""),3.5585509006E10) -> 35585509006 | B29: =IFERROR(__xludf.DUMMYFUNCTION("""COMPUTED_VALUE"""),"Kong") -> Kong | C29: =IFERROR(__xludf.DUMMYFUNCTION("""COMPUTED_VALUE"""),"REWARDSTİNKER KÖPEKLERİÇİN ÖDÜLMAMASIDAĞITMAOYUNCAĞI M/L") -> REWARDSTİNKER KÖPEKLERİÇİN ÖDÜLMAMASIDAĞITMAOYUNCAĞI M/L | D29: =IFERROR(__xludf.DUMMYFUNCTION("""COMPUTED_VALUE"""),2197.0) -> 2197 | E29: =IFERROR(__xludf.DUMMYFUNCTION("""COMPUTED_VALUE"""),439.4) -> 439.4 | F29: =IFERROR(__xludf.DUMMYFUNCTION("""COMPUTED_VALUE"""),86.4) -> 86.4 | G29: =IFERROR(__xludf.DUMMYFUNCTION("""COMPUTED_VALUE"""),868.32) -> 868.32 | H29: =IFERROR(__xludf.DUMMYFUNCTION("""COMPUTED_VALUE"""),639.7666666666665) -> 639.76667 | I29: =IFERROR(__xludf.DUMMYFUNCTION("""COMPUTED_VALUE"""),0.2912001213776361) -> 0.29120012 | J29: =IFERROR(__xludf.DUMMYFUNCTION("""COMPUTED_VALUE"""),"ÇOK KÂRLI") -> ÇOK KÂRLI | K29: =IFERROR(__xludf.DUMMYFUNCTION("""COMPUTED_VALUE"""),"Stok ve BuyBox takibini artır") -> Stok ve BuyBox takibini artır
A30: =IFERROR(__xludf.DUMMYFUNCTION("""COMPUTED_VALUE"""),3.5585356433E10) -> 35585356433 | B30: =IFERROR(__xludf.DUMMYFUNCTION("""COMPUTED_VALUE"""),"Kong") -> Kong | C30: =IFERROR(__xludf.DUMMYFUNCTION("""COMPUTED_VALUE"""),"EXTREMEDENTAL DİŞTEMİZLİĞİSAĞLAYANKÖPEKOYUNCAĞI ULTRASERT L") -> EXTREMEDENTAL DİŞTEMİZLİĞİSAĞLAYANKÖPEKOYUNCAĞI ULTRASERT L | D30: =IFERROR(__xludf.DUMMYFUNCTION("""COMPUTED_VALUE"""),2179.0) -> 2179 | E30: =IFERROR(__xludf.DUMMYFUNCTION("""COMPUTED_VALUE"""),435.8) -> 435.8 | F30: =IFERROR(__xludf.DUMMYFUNCTION("""COMPUTED_VALUE"""),86.4) -> 86.4 | G30: =IFERROR(__xludf.DUMMYFUNCTION("""COMPUTED_VALUE"""),860.4) -> 860.4 | H30: =IFERROR(__xludf.DUMMYFUNCTION("""COMPUTED_VALUE"""),634.5166666666667) -> 634.51667 | I30: =IFERROR(__xludf.DUMMYFUNCTION("""COMPUTED_VALUE"""),0.29119626740094845) -> 0.29119627 | J30: =IFERROR(__xludf.DUMMYFUNCTION("""COMPUTED_VALUE"""),"ÇOK KÂRLI") -> ÇOK KÂRLI | K30: =IFERROR(__xludf.DUMMYFUNCTION("""COMPUTED_VALUE"""),"Stok ve BuyBox takibini artır") -> Stok ve BuyBox takibini artır
A31: =IFERROR(__xludf.DUMMYFUNCTION("""COMPUTED_VALUE"""),"TYBT0G6C7YR9R8WA07") -> TYBT0G6C7YR9R8WA07 | B31: =IFERROR(__xludf.DUMMYFUNCTION("""COMPUTED_VALUE"""),"Royal Canin") -> Royal Canin | C31: =IFERROR(__xludf.DUMMYFUNCTION("""COMPUTED_VALUE"""),"Orta Irklar için Yavru Yaş Köpek Maması 10 x 140g") -> Orta Irklar için Yavru Yaş Köpek Maması 10 x 140g | D31: =IFERROR(__xludf.DUMMYFUNCTION("""COMPUTED_VALUE"""),999.0) -> 999 | E31: =IFERROR(__xludf.DUMMYFUNCTION("""COMPUTED_VALUE"""),124.875) -> 124.875 | F31: =IFERROR(__xludf.DUMMYFUNCTION("""COMPUTED_VALUE"""),90.0) -> 90 | G31: =IFERROR(__xludf.DUMMYFUNCTION("""COMPUTED_VALUE"""),1.0) -> 1 | H31: =IFERROR(__xludf.DUMMYFUNCTION("""COMPUTED_VALUE"""),633.2874999999999) -> 633.2875 | I31: =IFERROR(__xludf.DUMMYFUNCTION("""COMPUTED_VALUE"""),0.6339214214214214) -> 0.63392142 | J31: =IFERROR(__xludf.DUMMYFUNCTION("""COMPUTED_VALUE"""),"ÇOK KÂRLI") -> ÇOK KÂRLI | K31: =IFERROR(__xludf.DUMMYFUNCTION("""COMPUTED_VALUE"""),"Stok ve BuyBox takibini artır") -> Stok ve BuyBox takibini artır
A34: En Riskli Zarar Eden İlk 10 Ürün
A35: Barkod | B35: Marka | C35: Ürün Adı | D35: BuyBox Fiyatı | E35: Komisyon | F35: Kargo | G35: Maliyet | H35: Min. Satış Fiyatı | I35: Net Kâr | J35: Kâr Oranı | K35: Aksiyon
A36: =IFERROR(__xludf.DUMMYFUNCTION("SORTN(FILTER({'BuyBox Karlilik'!A2:G300,'BuyBox Karlilik'!R2:R300,'BuyBox Karlilik'!K2:L300,'BuyBox Karlilik'!U2:U300},'BuyBox Karlilik'!T2:T300=""ZARAR""),10,0,9,TRUE)"),3.5585494029E10) -> 35585494029 | B36: =IFERROR(__xludf.DUMMYFUNCTION("""COMPUTED_VALUE"""),"Kong") -> Kong | C36: =IFERROR(__xludf.DUMMYFUNCTION("""COMPUTED_VALUE"""),"KONGSİGNATURE STİCKÇUBUK ŞEKLİNDEKÖPEKOYUNCAĞI M") -> KONGSİGNATURE STİCKÇUBUK ŞEKLİNDEKÖPEKOYUNCAĞI M | D36: =IFERROR(__xludf.DUMMYFUNCTION("""COMPUTED_VALUE"""),880.0) -> 880 | E36: =IFERROR(__xludf.DUMMYFUNCTION("""COMPUTED_VALUE"""),176.0) -> 176 | F36: =IFERROR(__xludf.DUMMYFUNCTION("""COMPUTED_VALUE"""),86.4) -> 86.4 | G36: =IFERROR(__xludf.DUMMYFUNCTION("""COMPUTED_VALUE"""),860.4) -> 860.4 | H36: =IFERROR(__xludf.DUMMYFUNCTION("""COMPUTED_VALUE"""),1212.6184367922372) -> 1212.6184 | I36: =IFERROR(__xludf.DUMMYFUNCTION("""COMPUTED_VALUE"""),-263.32333333333327) -> -263.32333 | J36: =IFERROR(__xludf.DUMMYFUNCTION("""COMPUTED_VALUE"""),-0.29923106060606053) -> -0.29923106 | K36: =IFERROR(__xludf.DUMMYFUNCTION("""COMPUTED_VALUE"""),"Fiyat, maliyet veya kampanya kontrol et") -> Fiyat, maliyet veya kampanya kontrol et
A37: =IFERROR(__xludf.DUMMYFUNCTION("""COMPUTED_VALUE"""),9.003579008485E12) -> 9003579008485 | B37: =IFERROR(__xludf.DUMMYFUNCTION("""COMPUTED_VALUE"""),"Royal Canin") -> Royal Canin | C37: =IFERROR(__xludf.DUMMYFUNCTION("""COMPUTED_VALUE"""),"Maxi Adult Gravy Yetişkin Köpek Konservesi 10 Adet 140 Gr") -> Maxi Adult Gravy Yetişkin Köpek Konservesi 10 Adet 140 Gr | D37: =IFERROR(__xludf.DUMMYFUNCTION("""COMPUTED_VALUE"""),465.0) -> 465 | E37: =IFERROR(__xludf.DUMMYFUNCTION("""COMPUTED_VALUE"""),58.125) -> 58.125 | F37: =IFERROR(__xludf.DUMMYFUNCTION("""COMPUTED_VALUE"""),86.4) -> 86.4 | G37: =IFERROR(__xludf.DUMMYFUNCTION("""COMPUTED_VALUE"""),536.76) -> 536.76 | H37: =IFERROR(__xludf.DUMMYFUNCTION("""COMPUTED_VALUE"""),734.2497175962625) -> 734.24972 | I37: =IFERROR(__xludf.DUMMYFUNCTION("""COMPUTED_VALUE"""),-233.34999999999997) -> -233.35 | J37: =IFERROR(__xludf.DUMMYFUNCTION("""COMPUTED_VALUE"""),-0.5018279569892472) -> -0.50182796 | K37: =IFERROR(__xludf.DUMMYFUNCTION("""COMPUTED_VALUE"""),"Fiyat, maliyet veya kampanya kontrol et") -> Fiyat, maliyet veya kampanya kontrol et
A38: =IFERROR(__xludf.DUMMYFUNCTION("""COMPUTED_VALUE"""),"TY988899455015287") -> TY988899455015287 | B38: =IFERROR(__xludf.DUMMYFUNCTION("""COMPUTED_VALUE"""),"Royal Canin") -> Royal Canin | C38: =IFERROR(__xludf.DUMMYFUNCTION("""COMPUTED_VALUE"""),"Mini Starter Mother & Babydog Anne ve Yavru Köpek Maması 4kg") -> Mini Starter Mother & Babydog Anne ve Yavru Köpek Maması 4kg | D38: =IFERROR(__xludf.DUMMYFUNCTION("""COMPUTED_VALUE"""),1555.99) -> 1555.99 | E38: =IFERROR(__xludf.DUMMYFUNCTION("""COMPUTED_VALUE"""),130.70316) -> 130.70316 | F38: =IFERROR(__xludf.DUMMYFUNCTION("""COMPUTED_VALUE"""),90.0) -> 90 | G38: =IFERROR(__xludf.DUMMYFUNCTION("""COMPUTED_VALUE"""),1537.0) -> 1537 | H38: =IFERROR(__xludf.DUMMYFUNCTION("""COMPUTED_VALUE"""),1807.0393657585878) -> 1807.0394 | I38: =IFERROR(__xludf.DUMMYFUNCTION("""COMPUTED_VALUE"""),-227.86974333333336) -> -227.86974 | J38: =IFERROR(__xludf.DUMMYFUNCTION("""COMPUTED_VALUE"""),-0.14644679164604743) -> -0.14644679 | K38: =IFERROR(__xludf.DUMMYFUNCTION("""COMPUTED_VALUE"""),"Fiyat, maliyet veya kampanya kontrol et") -> Fiyat, maliyet veya kampanya kontrol et
A39: =IFERROR(__xludf.DUMMYFUNCTION("""COMPUTED_VALUE"""),"TYBUPYD47K660EFG52") -> TYBUPYD47K660EFG52 | B39: =IFERROR(__xludf.DUMMYFUNCTION("""COMPUTED_VALUE"""),"Hill's") -> Hill's | C39: =IFERROR(__xludf.DUMMYFUNCTION("""COMPUTED_VALUE"""),"Hills Sterilised Somon Kısır Kedi Maması 10 Kg") -> Hills Sterilised Somon Kısır Kedi Maması 10 Kg | D39: =IFERROR(__xludf.DUMMYFUNCTION("""COMPUTED_VALUE"""),4399.72) -> 4399.72 | E39: =IFERROR(__xludf.DUMMYFUNCTION("""COMPUTED_VALUE"""),549.965) -> 549.965 | F39: =IFERROR(__xludf.DUMMYFUNCTION("""COMPUTED_VALUE"""),90.0) -> 90 | G39: =IFERROR(__xludf.DUMMYFUNCTION("""COMPUTED_VALUE"""),3900.0) -> 3900 | H39: =IFERROR(__xludf.DUMMYFUNCTION("""COMPUTED_VALUE"""),4619.063608052459) -> 4619.0636 | I39: =IFERROR(__xludf.DUMMYFUNCTION("""COMPUTED_VALUE"""),-190.09933333333322) -> -190.09933 | J39: =IFERROR(__xludf.DUMMYFUNCTION("""COMPUTED_VALUE"""),-0.043207143484888404) -> -0.043207143 | K39: =IFERROR(__xludf.DUMMYFUNCTION("""COMPUTED_VALUE"""),"Fiyat, maliyet veya kampanya kontrol et") -> Fiyat, maliyet veya kampanya kontrol et
A40: =IFERROR(__xludf.DUMMYFUNCTION("""COMPUTED_VALUE"""),6.13033566523E11) -> 613033566523 | B40: =IFERROR(__xludf.DUMMYFUNCTION("""COMPUTED_VALUE"""),"Pro Plan") -> Pro Plan | C40: =IFERROR(__xludf.DUMMYFUNCTION("""COMPUTED_VALUE"""),"Kısırlaştırılmış Somonlu Kedi Maması 10 Kg") -> Kısırlaştırılmış Somonlu Kedi Maması 10 Kg | D40: =IFERROR(__xludf.DUMMYFUNCTION("""COMPUTED_VALUE"""),3998.0) -> 3998 | E40: =IFERROR(__xludf.DUMMYFUNCTION("""COMPUTED_VALUE"""),499.75) -> 499.75 | F40: =IFERROR(__xludf.DUMMYFUNCTION("""COMPUTED_VALUE"""),159.74) -> 159.74 | G40: =IFERROR(__xludf.DUMMYFUNCTION("""COMPUTED_VALUE"""),3475.0) -> 3475 | H40: =IFERROR(__xludf.DUMMYFUNCTION("""COMPUTED_VALUE"""),4209.148381096777) -> 4209.1484 | I40: =IFERROR(__xludf.DUMMYFUNCTION("""COMPUTED_VALUE"""),-182.99666666666644) -> -182.99667 | J40: =IFERROR(__xludf.DUMMYFUNCTION("""COMPUTED_VALUE"""),-0.04577205269301312) -> -0.045772053 | K40: =IFERROR(__xludf.DUMMYFUNCTION("""COMPUTED_VALUE"""),"Fiyat, maliyet veya kampanya kontrol et") -> Fiyat, maliyet veya kampanya kontrol et
A41: =IFERROR(__xludf.DUMMYFUNCTION("""COMPUTED_VALUE"""),7.613033566523E12) -> 7613033566523 | B41: =IFERROR(__xludf.DUMMYFUNCTION("""COMPUTED_VALUE"""),"Pro Plan") -> Pro Plan | C41: =IFERROR(__xludf.DUMMYFUNCTION("""COMPUTED_VALUE"""),"Sterilised Kısırlaştırılmış Somonlu Kedi Maması 10 KG") -> Sterilised Kısırlaştırılmış Somonlu Kedi Maması 10 KG | D41: =IFERROR(__xludf.DUMMYFUNCTION("""COMPUTED_VALUE"""),4000.0) -> 4000 | E41: =IFERROR(__xludf.DUMMYFUNCTION("""COMPUTED_VALUE"""),500.0) -> 500 | F41: =IFERROR(__xludf.DUMMYFUNCTION("""COMPUTED_VALUE"""),159.74) -> 159.74 | G41: =IFERROR(__xludf.DUMMYFUNCTION("""COMPUTED_VALUE"""),3474.24) -> 3474.24 | H41: =IFERROR(__xludf.DUMMYFUNCTION("""COMPUTED_VALUE"""),4208.271458357131) -> 4208.2715 | I41: =IFERROR(__xludf.DUMMYFUNCTION("""COMPUTED_VALUE"""),-180.5033333333329) -> -180.50333 | J41: =IFERROR(__xludf.DUMMYFUNCTION("""COMPUTED_VALUE"""),-0.045125833333333226) -> -0.045125833 | K41: =IFERROR(__xludf.DUMMYFUNCTION("""COMPUTED_VALUE"""),"Fiyat, maliyet veya kampanya kontrol et") -> Fiyat, maliyet veya kampanya kontrol et
A42: =IFERROR(__xludf.DUMMYFUNCTION("""COMPUTED_VALUE"""),9.003579308745E12) -> 9003579308745 | B42: =IFERROR(__xludf.DUMMYFUNCTION("""COMPUTED_VALUE"""),"Royal Canin") -> Royal Canin | C42: =IFERROR(__xludf.DUMMYFUNCTION("""COMPUTED_VALUE"""),"Gravy Yavru Kedi Konservesi 85 gr 12 Adet") -> Gravy Yavru Kedi Konservesi 85 gr 12 Adet | D42: =IFERROR(__xludf.DUMMYFUNCTION("""COMPUTED_VALUE"""),559.0) -> 559 | E42: =IFERROR(__xludf.DUMMYFUNCTION("""COMPUTED_VALUE"""),42.483999999999995) -> 42.484 | F42: =IFERROR(__xludf.DUMMYFUNCTION("""COMPUTED_VALUE"""),86.4) -> 86.4 | G42: =IFERROR(__xludf.DUMMYFUNCTION("""COMPUTED_VALUE"""),557.76) -> 557.76 | H42: =IFERROR(__xludf.DUMMYFUNCTION("""COMPUTED_VALUE"""),717.8919847499145) -> 717.89198 | I42: =IFERROR(__xludf.DUMMYFUNCTION("""COMPUTED_VALUE"""),-145.49233333333333) -> -145.49233 | J42: =IFERROR(__xludf.DUMMYFUNCTION("""COMPUTED_VALUE"""),-0.26027251043530114) -> -0.26027251 | K42: =IFERROR(__xludf.DUMMYFUNCTION("""COMPUTED_VALUE"""),"Fiyat, maliyet veya kampanya kontrol et") -> Fiyat, maliyet veya kampanya kontrol et
A43: =IFERROR(__xludf.DUMMYFUNCTION("""COMPUTED_VALUE"""),9.003579308738E12) -> 9003579308738 | B43: =IFERROR(__xludf.DUMMYFUNCTION("""COMPUTED_VALUE"""),"Royal Canin") -> Royal Canin | C43: =IFERROR(__xludf.DUMMYFUNCTION("""COMPUTED_VALUE"""),"Instinctive Yaş Kedi Maması 12 x 85g") -> Instinctive Yaş Kedi Maması 12 x 85g | D43: =IFERROR(__xludf.DUMMYFUNCTION("""COMPUTED_VALUE"""),527.09) -> 527.09 | E43: =IFERROR(__xludf.DUMMYFUNCTION("""COMPUTED_VALUE"""),42.1672) -> 42.1672 | F43: =IFERROR(__xludf.DUMMYFUNCTION("""COMPUTED_VALUE"""),86.4) -> 86.4 | G43: =IFERROR(__xludf.DUMMYFUNCTION("""COMPUTED_VALUE"""),504.0) -> 504 | H43: =IFERROR(__xludf.DUMMYFUNCTION("""COMPUTED_VALUE"""),662.0728840684154) -> 662.07288 | I43: =IFERROR(__xludf.DUMMYFUNCTION("""COMPUTED_VALUE"""),-123.05961666666659) -> -123.05962 | J43: =IFERROR(__xludf.DUMMYFUNCTION("""COMPUTED_VALUE"""),-0.23346983753565156) -> -0.23346984 | K43: =IFERROR(__xludf.DUMMYFUNCTION("""COMPUTED_VALUE"""),"Fiyat, maliyet veya kampanya kontrol et") -> Fiyat, maliyet veya kampanya kontrol et
A44: =IFERROR(__xludf.DUMMYFUNCTION("""COMPUTED_VALUE"""),"HBCV0000CCFV8V") -> HBCV0000CCFV8V | B44: =IFERROR(__xludf.DUMMYFUNCTION("""COMPUTED_VALUE"""),"Pro Plan") -> Pro Plan | C44: =IFERROR(__xludf.DUMMYFUNCTION("""COMPUTED_VALUE"""),"Kitten Yavru Kedi Kuru Maması 400 gr 4 Adet") -> Kitten Yavru Kedi Kuru Maması 400 gr 4 Adet | D44: =IFERROR(__xludf.DUMMYFUNCTION("""COMPUTED_VALUE"""),650.0) -> 650 | E44: =IFERROR(__xludf.DUMMYFUNCTION("""COMPUTED_VALUE"""),81.25) -> 81.25 | F44: =IFERROR(__xludf.DUMMYFUNCTION("""COMPUTED_VALUE"""),90.0) -> 90 | G44: =IFERROR(__xludf.DUMMYFUNCTION("""COMPUTED_VALUE"""),580.0) -> 580 | H44: =IFERROR(__xludf.DUMMYFUNCTION("""COMPUTED_VALUE"""),788.2958506554421) -> 788.29585 | I44: =IFERROR(__xludf.DUMMYFUNCTION("""COMPUTED_VALUE"""),-119.85666666666667) -> -119.85667 | J44: =IFERROR(__xludf.DUMMYFUNCTION("""COMPUTED_VALUE"""),-0.1843948717948718) -> -0.18439487 | K44: =IFERROR(__xludf.DUMMYFUNCTION("""COMPUTED_VALUE"""),"Fiyat, maliyet veya kampanya kontrol et") -> Fiyat, maliyet veya kampanya kontrol et
A45: =IFERROR(__xludf.DUMMYFUNCTION("""COMPUTED_VALUE"""),9.003579013748E12) -> 9003579013748 | B45: =IFERROR(__xludf.DUMMYFUNCTION("""COMPUTED_VALUE"""),"Royal Canin") -> Royal Canin | C45: =IFERROR(__xludf.DUMMYFUNCTION("""COMPUTED_VALUE"""),"Köpek Mama Pomeranian Köpek Konserve 12X85GR") -> Köpek Mama Pomeranian Köpek Konserve 12X85GR | D45: =IFERROR(__xludf.DUMMYFUNCTION("""COMPUTED_VALUE"""),540.0) -> 540 | E45: =IFERROR(__xludf.DUMMYFUNCTION("""COMPUTED_VALUE"""),67.5) -> 67.5 | F45: =IFERROR(__xludf.DUMMYFUNCTION("""COMPUTED_VALUE"""),86.4) -> 86.4 | G45: =IFERROR(__xludf.DUMMYFUNCTION("""COMPUTED_VALUE"""),487.2) -> 487.2 | H45: =IFERROR(__xludf.DUMMYFUNCTION("""COMPUTED_VALUE"""),677.0651242057215) -> 677.06512 | I45: =IFERROR(__xludf.DUMMYFUNCTION("""COMPUTED_VALUE"""),-118.78999999999996) -> -118.79 | J45: =IFERROR(__xludf.DUMMYFUNCTION("""COMPUTED_VALUE"""),-0.21998148148148142) -> -0.21998148 | K45: =IFERROR(__xludf.DUMMYFUNCTION("""COMPUTED_VALUE"""),"Fiyat, maliyet veya kampanya kontrol et") -> Fiyat, maliyet veya kampanya kontrol et
A48: Riskli / Düşük Kâr İlk 15 Ürün
A49: Barkod | B49: Marka | C49: Ürün Adı | D49: BuyBox Fiyatı | E49: Komisyon | F49: Kargo | G49: Maliyet | H49: Net Kâr | I49: Kâr Oranı | J49: Risk | K49: Aksiyon
A50: =IFERROR(__xludf.DUMMYFUNCTION("SORTN(FILTER({'BuyBox Karlilik'!A2:G300,'BuyBox Karlilik'!K2:L300,'BuyBox Karlilik'!T2:U300},('BuyBox Karlilik'!T2:T300=""RİSKLİ"")+('BuyBox Karlilik'!T2:T300=""DÜŞÜK KÂR"")),15,0,9,TRUE)"),"TYBJUIMGWO45LKI893") -> TYBJUIMGWO45LKI893 | B50: =IFERROR(__xludf.DUMMYFUNCTION("""COMPUTED_VALUE"""),"Wanpy") -> Wanpy | C50: =IFERROR(__xludf.DUMMYFUNCTION("""COMPUTED_VALUE"""),"Tasty Meat Paste Taze Sıvı Kedi Ödül Maması Kedi Ödül Maması 4x90gr") -> Tasty Meat Paste Taze Sıvı Kedi Ödül Maması Kedi Ödül Maması 4x90gr | D50: =IFERROR(__xludf.DUMMYFUNCTION("""COMPUTED_VALUE"""),256.2) -> 256.2 | E50: =IFERROR(__xludf.DUMMYFUNCTION("""COMPUTED_VALUE"""),32.025) -> 32.025 | F50: =IFERROR(__xludf.DUMMYFUNCTION("""COMPUTED_VALUE"""),86.4) -> 86.4 | G50: =IFERROR(__xludf.DUMMYFUNCTION("""COMPUTED_VALUE"""),122.0) -> 122 | H50: =IFERROR(__xludf.DUMMYFUNCTION("""COMPUTED_VALUE"""),0.01916666666663991) -> 0.019166667 | I50: =IFERROR(__xludf.DUMMYFUNCTION("""COMPUTED_VALUE"""),7.481134530304415E-5) -> 7.4811345e-05 | J50: =IFERROR(__xludf.DUMMYFUNCTION("""COMPUTED_VALUE"""),"RİSKLİ") -> RİSKLİ | K50: =IFERROR(__xludf.DUMMYFUNCTION("""COMPUTED_VALUE"""),"Minimum fiyat altına düşme") -> Minimum fiyat altına düşme
A51: =IFERROR(__xludf.DUMMYFUNCTION("""COMPUTED_VALUE"""),"TYB9771GESJQWCAB60") -> TYB9771GESJQWCAB60 | B51: =IFERROR(__xludf.DUMMYFUNCTION("""COMPUTED_VALUE"""),"Gourmet") -> Gourmet | C51: =IFERROR(__xludf.DUMMYFUNCTION("""COMPUTED_VALUE"""),"Karışık Kıyılmış Konserve Yetişkin Kedi Yaş Maması 24 X 85 gr") -> Karışık Kıyılmış Konserve Yetişkin Kedi Yaş Maması 24 X 85 gr | D51: =IFERROR(__xludf.DUMMYFUNCTION("""COMPUTED_VALUE"""),736.0) -> 736 | E51: =IFERROR(__xludf.DUMMYFUNCTION("""COMPUTED_VALUE"""),48.57599999999999) -> 48.576 | F51: =IFERROR(__xludf.DUMMYFUNCTION("""COMPUTED_VALUE"""),86.4) -> 86.4 | G51: =IFERROR(__xludf.DUMMYFUNCTION("""COMPUTED_VALUE"""),580.0) -> 580 | H51: =IFERROR(__xludf.DUMMYFUNCTION("""COMPUTED_VALUE"""),0.394999999999988) -> 0.395 | I51: =IFERROR(__xludf.DUMMYFUNCTION("""COMPUTED_VALUE"""),5.366847826086794E-4) -> 0.00053668478 | J51: =IFERROR(__xludf.DUMMYFUNCTION("""COMPUTED_VALUE"""),"RİSKLİ") -> RİSKLİ | K51: =IFERROR(__xludf.DUMMYFUNCTION("""COMPUTED_VALUE"""),"Minimum fiyat altına düşme") -> Minimum fiyat altına düşme
A52: =IFERROR(__xludf.DUMMYFUNCTION("""COMPUTED_VALUE"""),8.010276035097E12) -> 8010276035097 | B52: =IFERROR(__xludf.DUMMYFUNCTION("""COMPUTED_VALUE"""),"N&D") -> N&D | C52: =IFERROR(__xludf.DUMMYFUNCTION("""COMPUTED_VALUE"""),"A.grain Düşük Tahıllı Kuzulu Ve Yaban Mersinli Mini Irk Yetişkin Köpek Kuru Maması 7 Kg") -> A.grain Düşük Tahıllı Kuzulu Ve Yaban Mersinli Mini Irk Yetişkin Köpek Kuru Maması 7 Kg | D52: =IFERROR(__xludf.DUMMYFUNCTION("""COMPUTED_VALUE"""),2690.0) -> 2690 | E52: =IFERROR(__xludf.DUMMYFUNCTION("""COMPUTED_VALUE"""),443.85) -> 443.85 | F52: =IFERROR(__xludf.DUMMYFUNCTION("""COMPUTED_VALUE"""),159.74) -> 159.74 | G52: =IFERROR(__xludf.DUMMYFUNCTION("""COMPUTED_VALUE"""),2043.0) -> 2043 | H52: =IFERROR(__xludf.DUMMYFUNCTION("""COMPUTED_VALUE"""),2.7666666666667883) -> 2.7666667 | I52: =IFERROR(__xludf.DUMMYFUNCTION("""COMPUTED_VALUE"""),0.0010285006195787318) -> 0.0010285006 | J52: =IFERROR(__xludf.DUMMYFUNCTION("""COMPUTED_VALUE"""),"RİSKLİ") -> RİSKLİ | K52: =IFERROR(__xludf.DUMMYFUNCTION("""COMPUTED_VALUE"""),"Minimum fiyat altına düşme") -> Minimum fiyat altına düşme
A53: =IFERROR(__xludf.DUMMYFUNCTION("""COMPUTED_VALUE"""),"TYBVYCTB5P95JXTS98") -> TYBVYCTB5P95JXTS98 | B53: =IFERROR(__xludf.DUMMYFUNCTION("""COMPUTED_VALUE"""),"FELIX") -> FELIX | C53: =IFERROR(__xludf.DUMMYFUNCTION("""COMPUTED_VALUE"""),"Yavru Sığıretli Yaş Kedi Maması 26 Adet X 85 Gr. ( Yeni Paket)") -> Yavru Sığıretli Yaş Kedi Maması 26 Adet X 85 Gr. ( Yeni Paket) | D53: =IFERROR(__xludf.DUMMYFUNCTION("""COMPUTED_VALUE"""),578.99) -> 578.99 | E53: =IFERROR(__xludf.DUMMYFUNCTION("""COMPUTED_VALUE"""),78.16365) -> 78.16365 | F53: =IFERROR(__xludf.DUMMYFUNCTION("""COMPUTED_VALUE"""),90.0) -> 90 | G53: =IFERROR(__xludf.DUMMYFUNCTION("""COMPUTED_VALUE"""),390.0) -> 390 | H53: =IFERROR(__xludf.DUMMYFUNCTION("""COMPUTED_VALUE"""),1.5387083333333251) -> 1.5387083 | I53: =IFERROR(__xludf.DUMMYFUNCTION("""COMPUTED_VALUE"""),0.0026575732453640393) -> 0.0026575732 | J53: =IFERROR(__xludf.DUMMYFUNCTION("""COMPUTED_VALUE"""),"RİSKLİ") -> RİSKLİ | K53: =IFERROR(__xludf.DUMMYFUNCTION("""COMPUTED_VALUE"""),"Minimum fiyat altına düşme") -> Minimum fiyat altına düşme
A54: =IFERROR(__xludf.DUMMYFUNCTION("""COMPUTED_VALUE"""),"TYBL1W9TPK3NCREP31") -> TYBL1W9TPK3NCREP31 | B54: =IFERROR(__xludf.DUMMYFUNCTION("""COMPUTED_VALUE"""),"Royal Canin") -> Royal Canin | C54: =IFERROR(__xludf.DUMMYFUNCTION("""COMPUTED_VALUE"""),"Babycat Instinctive Yavru ve Anne Kediler Için Konserve 195 gr x 12 Adet") -> Babycat Instinctive Yavru ve Anne Kediler Için Konserve 195 gr x 12 Adet | D54: =IFERROR(__xludf.DUMMYFUNCTION("""COMPUTED_VALUE"""),1630.0) -> 1630 | E54: =IFERROR(__xludf.DUMMYFUNCTION("""COMPUTED_VALUE"""),203.75) -> 203.75 | F54: =IFERROR(__xludf.DUMMYFUNCTION("""COMPUTED_VALUE"""),90.0) -> 90 | G54: =IFERROR(__xludf.DUMMYFUNCTION("""COMPUTED_VALUE"""),1301.0) -> 1301 | H54: =IFERROR(__xludf.DUMMYFUNCTION("""COMPUTED_VALUE"""),4.800000000000056) -> 4.8 | I54: =IFERROR(__xludf.DUMMYFUNCTION("""COMPUTED_VALUE"""),0.002944785276073654) -> 0.0029447853 | J54: =IFERROR(__xludf.DUMMYFUNCTION("""COMPUTED_VALUE"""),"RİSKLİ") -> RİSKLİ | K54: =IFERROR(__xludf.DUMMYFUNCTION("""COMPUTED_VALUE"""),"Minimum fiyat altına düşme") -> Minimum fiyat altına düşme
A55: =IFERROR(__xludf.DUMMYFUNCTION("""COMPUTED_VALUE"""),5.2742059617E10) -> 52742059617 | B55: =IFERROR(__xludf.DUMMYFUNCTION("""COMPUTED_VALUE"""),"Hill's") -> Hill's | C55: =IFERROR(__xludf.DUMMYFUNCTION("""COMPUTED_VALUE"""),"Hills Adult Optimal Care Tavuklu Yetişkin Kedi Maması 1.5 Kg") -> Hills Adult Optimal Care Tavuklu Yetişkin Kedi Maması 1.5 Kg | D55: =IFERROR(__xludf.DUMMYFUNCTION("""COMPUTED_VALUE"""),1059.0) -> 1059 | E55: =IFERROR(__xludf.DUMMYFUNCTION("""COMPUTED_VALUE"""),132.375) -> 132.375 | F55: =IFERROR(__xludf.DUMMYFUNCTION("""COMPUTED_VALUE"""),90.0) -> 90 | G55: =IFERROR(__xludf.DUMMYFUNCTION("""COMPUTED_VALUE"""),805.0) -> 805 | H55: =IFERROR(__xludf.DUMMYFUNCTION("""COMPUTED_VALUE"""),6.537499999999962) -> 6.5375 | I55: =IFERROR(__xludf.DUMMYFUNCTION("""COMPUTED_VALUE"""),0.006173276676109502) -> 0.0061732767 | J55: =IFERROR(__xludf.DUMMYFUNCTION("""COMPUTED_VALUE"""),"RİSKLİ") -> RİSKLİ | K55: =IFERROR(__xludf.DUMMYFUNCTION("""COMPUTED_VALUE"""),"Minimum fiyat altına düşme") -> Minimum fiyat altına düşme
A56: =IFERROR(__xludf.DUMMYFUNCTION("""COMPUTED_VALUE"""),"TYBBL117UNTJIWDS99") -> TYBBL117UNTJIWDS99 | B56: =IFERROR(__xludf.DUMMYFUNCTION("""COMPUTED_VALUE"""),"Pro Plan") -> Pro Plan | C56: =IFERROR(__xludf.DUMMYFUNCTION("""COMPUTED_VALUE"""),"Proplan kısır somonlu 4 kg (400gr x10 ).") -> Proplan kısır somonlu 4 kg (400gr x10 ). | D56: =IFERROR(__xludf.DUMMYFUNCTION("""COMPUTED_VALUE"""),1750.0) -> 1750 | E56: =IFERROR(__xludf.DUMMYFUNCTION("""COMPUTED_VALUE"""),115.5) -> 115.5 | F56: =IFERROR(__xludf.DUMMYFUNCTION("""COMPUTED_VALUE"""),90.0) -> 90 | G56: =IFERROR(__xludf.DUMMYFUNCTION("""COMPUTED_VALUE"""),1500.0) -> 1500 | H56: =IFERROR(__xludf.DUMMYFUNCTION("""COMPUTED_VALUE"""),11.508333333333484) -> 11.508333 | I56: =IFERROR(__xludf.DUMMYFUNCTION("""COMPUTED_VALUE"""),0.006576190476190562) -> 0.0065761905 | J56: =IFERROR(__xludf.DUMMYFUNCTION("""COMPUTED_VALUE"""),"RİSKLİ") -> RİSKLİ | K56: =IFERROR(__xludf.DUMMYFUNCTION("""COMPUTED_VALUE"""),"Minimum fiyat altına düşme") -> Minimum fiyat altına düşme
A57: =IFERROR(__xludf.DUMMYFUNCTION("""COMPUTED_VALUE"""),2.9695470912E10) -> 29695470912 | B57: =IFERROR(__xludf.DUMMYFUNCTION("""COMPUTED_VALUE"""),"Chuckit") -> Chuckit | C57: =IFERROR(__xludf.DUMMYFUNCTION("""COMPUTED_VALUE"""),"! Ultra Squeaker Sesli Köpek Oyun Halkası") -> ! Ultra Squeaker Sesli Köpek Oyun Halkası | D57: =IFERROR(__xludf.DUMMYFUNCTION("""COMPUTED_VALUE"""),428.0) -> 428 | E57: =IFERROR(__xludf.DUMMYFUNCTION("""COMPUTED_VALUE"""),85.6) -> 85.6 | F57: =IFERROR(__xludf.DUMMYFUNCTION("""COMPUTED_VALUE"""),86.4) -> 86.4 | G57: =IFERROR(__xludf.DUMMYFUNCTION("""COMPUTED_VALUE"""),234.0) -> 234 | H57: =IFERROR(__xludf.DUMMYFUNCTION("""COMPUTED_VALUE"""),3.774999999999981) -> 3.775 | I57: =IFERROR(__xludf.DUMMYFUNCTION("""COMPUTED_VALUE"""),0.00882009345794388) -> 0.0088200935 | J57: =IFERROR(__xludf.DUMMYFUNCTION("""COMPUTED_VALUE"""),"RİSKLİ") -> RİSKLİ | K57: =IFERROR(__xludf.DUMMYFUNCTION("""COMPUTED_VALUE"""),"Minimum fiyat altına düşme") -> Minimum fiyat altına düşme
A58: =IFERROR(__xludf.DUMMYFUNCTION("""COMPUTED_VALUE"""),5.412087000395E12) -> 5412087000395 | B58: =IFERROR(__xludf.DUMMYFUNCTION("""COMPUTED_VALUE"""),"Moderna") -> Moderna | C58: =IFERROR(__xludf.DUMMYFUNCTION("""COMPUTED_VALUE"""),"Smart Su Kabı 1.5 lt Sarı") -> Smart Su Kabı 1.5 lt Sarı | D58: =IFERROR(__xludf.DUMMYFUNCTION("""COMPUTED_VALUE"""),450.0) -> 450 | E58: =IFERROR(__xludf.DUMMYFUNCTION("""COMPUTED_VALUE"""),90.0) -> 90 | F58: =IFERROR(__xludf.DUMMYFUNCTION("""COMPUTED_VALUE"""),86.4) -> 86.4 | G58: =IFERROR(__xludf.DUMMYFUNCTION("""COMPUTED_VALUE"""),250.72) -> 250.72 | H58: =IFERROR(__xludf.DUMMYFUNCTION("""COMPUTED_VALUE"""),4.32500000000001) -> 4.325 | I58: =IFERROR(__xludf.DUMMYFUNCTION("""COMPUTED_VALUE"""),0.009611111111111133) -> 0.0096111111 | J58: =IFERROR(__xludf.DUMMYFUNCTION("""COMPUTED_VALUE"""),"RİSKLİ") -> RİSKLİ | K58: =IFERROR(__xludf.DUMMYFUNCTION("""COMPUTED_VALUE"""),"Minimum fiyat altına düşme") -> Minimum fiyat altına düşme
A59: =IFERROR(__xludf.DUMMYFUNCTION("""COMPUTED_VALUE"""),1.44586800733348E15) -> 1.44587e+15 | B59: =IFERROR(__xludf.DUMMYFUNCTION("""COMPUTED_VALUE"""),"Wanpy") -> Wanpy | C59: =IFERROR(__xludf.DUMMYFUNCTION("""COMPUTED_VALUE"""),"Kedi Sıvı Ödül Karma 25 Li X 4 Lü Eko Paket") -> Kedi Sıvı Ödül Karma 25 Li X 4 Lü Eko Paket | D59: =IFERROR(__xludf.DUMMYFUNCTION("""COMPUTED_VALUE"""),1032.9) -> 1032.9 | E59: =IFERROR(__xludf.DUMMYFUNCTION("""COMPUTED_VALUE"""),120.8493) -> 120.8493 | F59: =IFERROR(__xludf.DUMMYFUNCTION("""COMPUTED_VALUE"""),86.4) -> 86.4 | G59: =IFERROR(__xludf.DUMMYFUNCTION("""COMPUTED_VALUE"""),786.0) -> 786 | H59: =IFERROR(__xludf.DUMMYFUNCTION("""COMPUTED_VALUE"""),13.443083333333485) -> 13.443083 | I59: =IFERROR(__xludf.DUMMYFUNCTION("""COMPUTED_VALUE"""),0.013014893342369526) -> 0.013014893 | J59: =IFERROR(__xludf.DUMMYFUNCTION("""COMPUTED_VALUE"""),"RİSKLİ") -> RİSKLİ | K59: =IFERROR(__xludf.DUMMYFUNCTION("""COMPUTED_VALUE"""),"Minimum fiyat altına düşme") -> Minimum fiyat altına düşme
A60: =IFERROR(__xludf.DUMMYFUNCTION("""COMPUTED_VALUE"""),7.613032816536E12) -> 7613032816536 | B60: =IFERROR(__xludf.DUMMYFUNCTION("""COMPUTED_VALUE"""),"Gourmet") -> Gourmet | C60: =IFERROR(__xludf.DUMMYFUNCTION("""COMPUTED_VALUE"""),"Purina Gourmet Gold Karışık Kedi Konservesi 85 gr X 24 Adet") -> Purina Gourmet Gold Karışık Kedi Konservesi 85 gr X 24 Adet | D60: =IFERROR(__xludf.DUMMYFUNCTION("""COMPUTED_VALUE"""),746.27) -> 746.27 | E60: =IFERROR(__xludf.DUMMYFUNCTION("""COMPUTED_VALUE"""),44.776199999999996) -> 44.7762 | F60: =IFERROR(__xludf.DUMMYFUNCTION("""COMPUTED_VALUE"""),86.4) -> 86.4 | G60: =IFERROR(__xludf.DUMMYFUNCTION("""COMPUTED_VALUE"""),580.0) -> 580 | H60: =IFERROR(__xludf.DUMMYFUNCTION("""COMPUTED_VALUE"""),12.034249999999943) -> 12.03425 | I60: =IFERROR(__xludf.DUMMYFUNCTION("""COMPUTED_VALUE"""),0.01612586597344117) -> 0.016125866 | J60: =IFERROR(__xludf.DUMMYFUNCTION("""COMPUTED_VALUE"""),"RİSKLİ") -> RİSKLİ | K60: =IFERROR(__xludf.DUMMYFUNCTION("""COMPUTED_VALUE"""),"Minimum fiyat altına düşme") -> Minimum fiyat altına düşme
A61: =IFERROR(__xludf.DUMMYFUNCTION("""COMPUTED_VALUE"""),"TYBJ6BLX4VD87YGF30") -> TYBJ6BLX4VD87YGF30 | B61: =IFERROR(__xludf.DUMMYFUNCTION("""COMPUTED_VALUE"""),"FELIX") -> FELIX | C61: =IFERROR(__xludf.DUMMYFUNCTION("""COMPUTED_VALUE"""),"Felix Sığır Etli Kedi Avantajlı Paket (4x85) Gr") -> Felix Sığır Etli Kedi Avantajlı Paket (4x85) Gr | D61: =IFERROR(__xludf.DUMMYFUNCTION("""COMPUTED_VALUE"""),550.0) -> 550 | E61: =IFERROR(__xludf.DUMMYFUNCTION("""COMPUTED_VALUE"""),74.25) -> 74.25 | F61: =IFERROR(__xludf.DUMMYFUNCTION("""COMPUTED_VALUE"""),86.4) -> 86.4 | G61: =IFERROR(__xludf.DUMMYFUNCTION("""COMPUTED_VALUE"""),360.0) -> 360 | H61: =IFERROR(__xludf.DUMMYFUNCTION("""COMPUTED_VALUE"""),8.883333333333386) -> 8.8833333 | I61: =IFERROR(__xludf.DUMMYFUNCTION("""COMPUTED_VALUE"""),0.016151515151515246) -> 0.016151515 | J61: =IFERROR(__xludf.DUMMYFUNCTION("""COMPUTED_VALUE"""),"RİSKLİ") -> RİSKLİ | K61: =IFERROR(__xludf.DUMMYFUNCTION("""COMPUTED_VALUE"""),"Minimum fiyat altına düşme") -> Minimum fiyat altına düşme
A62: =IFERROR(__xludf.DUMMYFUNCTION("""COMPUTED_VALUE"""),8.46799273637E11) -> 846799273637 | B62: =IFERROR(__xludf.DUMMYFUNCTION("""COMPUTED_VALUE"""),"FELIX") -> FELIX | C62: =IFERROR(__xludf.DUMMYFUNCTION("""COMPUTED_VALUE"""),"Karışık Kedi Yaş Mama 28 Paket") -> Karışık Kedi Yaş Mama 28 Paket | D62: =IFERROR(__xludf.DUMMYFUNCTION("""COMPUTED_VALUE"""),645.0) -> 645 | E62: =IFERROR(__xludf.DUMMYFUNCTION("""COMPUTED_VALUE"""),106.425) -> 106.425 | F62: =IFERROR(__xludf.DUMMYFUNCTION("""COMPUTED_VALUE"""),86.4) -> 86.4 | G62: =IFERROR(__xludf.DUMMYFUNCTION("""COMPUTED_VALUE"""),420.0) -> 420 | H62: =IFERROR(__xludf.DUMMYFUNCTION("""COMPUTED_VALUE"""),10.445833333333391) -> 10.445833 | I62: =IFERROR(__xludf.DUMMYFUNCTION("""COMPUTED_VALUE"""),0.016195090439276576) -> 0.01619509 | J62: =IFERROR(__xludf.DUMMYFUNCTION("""COMPUTED_VALUE"""),"RİSKLİ") -> RİSKLİ | K62: =IFERROR(__xludf.DUMMYFUNCTION("""COMPUTED_VALUE"""),"Minimum fiyat altına düşme") -> Minimum fiyat altına düşme
A63: =IFERROR(__xludf.DUMMYFUNCTION("""COMPUTED_VALUE"""),8.010276042149E12) -> 8010276042149 | B63: =IFERROR(__xludf.DUMMYFUNCTION("""COMPUTED_VALUE"""),"N&D") -> N&D | C63: =IFERROR(__xludf.DUMMYFUNCTION("""COMPUTED_VALUE"""),"Tropical Kuzu Etli Kısırlaştırılmış Kedi Maması 10 KG") -> Tropical Kuzu Etli Kısırlaştırılmış Kedi Maması 10 KG | D63: =IFERROR(__xludf.DUMMYFUNCTION("""COMPUTED_VALUE"""),3872.0) -> 3872 | E63: =IFERROR(__xludf.DUMMYFUNCTION("""COMPUTED_VALUE"""),638.88) -> 638.88 | F63: =IFERROR(__xludf.DUMMYFUNCTION("""COMPUTED_VALUE"""),159.74) -> 159.74 | G63: =IFERROR(__xludf.DUMMYFUNCTION("""COMPUTED_VALUE"""),2944.0) -> 2944 | H63: =IFERROR(__xludf.DUMMYFUNCTION("""COMPUTED_VALUE"""),64.5583333333336) -> 64.558333 | I63: =IFERROR(__xludf.DUMMYFUNCTION("""COMPUTED_VALUE"""),0.01667312327823698) -> 0.016673123 | J63: =IFERROR(__xludf.DUMMYFUNCTION("""COMPUTED_VALUE"""),"RİSKLİ") -> RİSKLİ | K63: =IFERROR(__xludf.DUMMYFUNCTION("""COMPUTED_VALUE"""),"Minimum fiyat altına düşme") -> Minimum fiyat altına düşme
A64: =IFERROR(__xludf.DUMMYFUNCTION("""COMPUTED_VALUE"""),8.010276039309E12) -> 8010276039309 | B64: =IFERROR(__xludf.DUMMYFUNCTION("""COMPUTED_VALUE"""),"N&D") -> N&D | C64: =IFERROR(__xludf.DUMMYFUNCTION("""COMPUTED_VALUE"""),"Ocean Somon ve Morina Kavunlu Mini Irk Köpek Maması 2,5 Kg") -> Ocean Somon ve Morina Kavunlu Mini Irk Köpek Maması 2,5 Kg | D64: =IFERROR(__xludf.DUMMYFUNCTION("""COMPUTED_VALUE"""),1828.0) -> 1828 | E64: =IFERROR(__xludf.DUMMYFUNCTION("""COMPUTED_VALUE"""),301.62) -> 301.62 | F64: =IFERROR(__xludf.DUMMYFUNCTION("""COMPUTED_VALUE"""),90.0) -> 90 | G64: =IFERROR(__xludf.DUMMYFUNCTION("""COMPUTED_VALUE"""),1363.0) -> 1363 | H64: =IFERROR(__xludf.DUMMYFUNCTION("""COMPUTED_VALUE"""),34.92500000000009) -> 34.925 | I64: =IFERROR(__xludf.DUMMYFUNCTION("""COMPUTED_VALUE"""),0.01910557986870902) -> 0.01910558 | J64: =IFERROR(__xludf.DUMMYFUNCTION("""COMPUTED_VALUE"""),"RİSKLİ") -> RİSKLİ | K64: =IFERROR(__xludf.DUMMYFUNCTION("""COMPUTED_VALUE"""),"Minimum fiyat altına düşme") -> Minimum fiyat altına düşme
A66: Eksik Veri İlk 15 Ürün
A67: Barkod | B67: Marka | C67: Ürün Adı | D67: BuyBox Fiyatı | E67: Komisyon | F67: Kargo | G67: Maliyet | H67: Eksik Komisyon | I67: Desi | J67: Eksik Maliyet | K67: Eksik Desi | L67: Aksiyon
A68: =IFERROR(__xludf.DUMMYFUNCTION("SORTN(FILTER({'BuyBox Karlilik'!A2:G300,'BuyBox Karlilik'!N2:Q300,'BuyBox Karlilik'!U2:U300},'BuyBox Karlilik'!T2:T300=""EKSİK VERİ""),15,0,1,TRUE)"),4.53481343543E11) -> 453481343543 | B68: =IFERROR(__xludf.DUMMYFUNCTION("""COMPUTED_VALUE"""),"Mito") -> Mito | C68: =IFERROR(__xludf.DUMMYFUNCTION("""COMPUTED_VALUE"""),"La Adult Cat Tavuklu Yetişkin Kedi Maması 15 Kg") -> La Adult Cat Tavuklu Yetişkin Kedi Maması 15 Kg | D68: =IFERROR(__xludf.DUMMYFUNCTION("""COMPUTED_VALUE"""),1700.0) -> 1700 | E68: =IFERROR(__xludf.DUMMYFUNCTION("""COMPUTED_VALUE"""),280.5) -> 280.5 | F68: =IFERROR(__xludf.DUMMYFUNCTION("""COMPUTED_VALUE"""),"") | G68: =IFERROR(__xludf.DUMMYFUNCTION("""COMPUTED_VALUE"""),"") | H68: =IFERROR(__xludf.DUMMYFUNCTION("""COMPUTED_VALUE"""),"") | I68: =IFERROR(__xludf.DUMMYFUNCTION("""COMPUTED_VALUE"""),"") | J68: =IFERROR(__xludf.DUMMYFUNCTION("""COMPUTED_VALUE"""),"Maliyet eksik") -> Maliyet eksik | K68: =IFERROR(__xludf.DUMMYFUNCTION("""COMPUTED_VALUE"""),"Desi eksik") -> Desi eksik | L68: =IFERROR(__xludf.DUMMYFUNCTION("""COMPUTED_VALUE"""),"Maliyet/desi/komisyon tamamla") -> Maliyet/desi/komisyon tamamla
A69: =IFERROR(__xludf.DUMMYFUNCTION("""COMPUTED_VALUE"""),8.40134695853E11) -> 840134695853 | B69: =IFERROR(__xludf.DUMMYFUNCTION("""COMPUTED_VALUE"""),"BARK") -> BARK | C69: =IFERROR(__xludf.DUMMYFUNCTION("""COMPUTED_VALUE"""),"Starbark Beyaz Bardak Köpek Çiğneme Oyuncak - M/L Boy (Ödül Doldurulabilir)") -> Starbark Beyaz Bardak Köpek Çiğneme Oyuncak - M/L Boy (Ödül Doldurulabilir) | D69: =IFERROR(__xludf.DUMMYFUNCTION("""COMPUTED_VALUE"""),1592.91) -> 1592.91 | E69: =IFERROR(__xludf.DUMMYFUNCTION("""COMPUTED_VALUE"""),318.582) -> 318.582 | F69: =IFERROR(__xludf.DUMMYFUNCTION("""COMPUTED_VALUE"""),86.4) -> 86.4 | H69: =IFERROR(__xludf.DUMMYFUNCTION("""COMPUTED_VALUE"""),"") | I69: =IFERROR(__xludf.DUMMYFUNCTION("""COMPUTED_VALUE"""),1.0) -> 1 | J69: =IFERROR(__xludf.DUMMYFUNCTION("""COMPUTED_VALUE"""),"Maliyet eksik") -> Maliyet eksik | K69: =IFERROR(__xludf.DUMMYFUNCTION("""COMPUTED_VALUE"""),"") | L69: =IFERROR(__xludf.DUMMYFUNCTION("""COMPUTED_VALUE"""),"Maliyet/desi/komisyon tamamla") -> Maliyet/desi/komisyon tamamla
A70: =IFERROR(__xludf.DUMMYFUNCTION("""COMPUTED_VALUE"""),8.40134695921E11) -> 840134695921 | B70: =IFERROR(__xludf.DUMMYFUNCTION("""COMPUTED_VALUE"""),"BARK") -> BARK | C70: =IFERROR(__xludf.DUMMYFUNCTION("""COMPUTED_VALUE"""),"Flingray Sesli Vatos Köpek Oyuncağı") -> Flingray Sesli Vatos Köpek Oyuncağı | D70: =IFERROR(__xludf.DUMMYFUNCTION("""COMPUTED_VALUE"""),2126.52) -> 2126.52 | E70: =IFERROR(__xludf.DUMMYFUNCTION("""COMPUTED_VALUE"""),425.30400000000003) -> 425.304 | F70: =IFERROR(__xludf.DUMMYFUNCTION("""COMPUTED_VALUE"""),86.4) -> 86.4 | H70: =IFERROR(__xludf.DUMMYFUNCTION("""COMPUTED_VALUE"""),"") | I70: =IFERROR(__xludf.DUMMYFUNCTION("""COMPUTED_VALUE"""),1.0) -> 1 | J70: =IFERROR(__xludf.DUMMYFUNCTION("""COMPUTED_VALUE"""),"Maliyet eksik") -> Maliyet eksik | K70: =IFERROR(__xludf.DUMMYFUNCTION("""COMPUTED_VALUE"""),"") | L70: =IFERROR(__xludf.DUMMYFUNCTION("""COMPUTED_VALUE"""),"Maliyet/desi/komisyon tamamla") -> Maliyet/desi/komisyon tamamla
A71: =IFERROR(__xludf.DUMMYFUNCTION("""COMPUTED_VALUE"""),8.40134695938E11) -> 840134695938 | B71: =IFERROR(__xludf.DUMMYFUNCTION("""COMPUTED_VALUE"""),"BARK") -> BARK | C71: =IFERROR(__xludf.DUMMYFUNCTION("""COMPUTED_VALUE"""),"Hambone Çiğneme Köpek Oyuncağı") -> Hambone Çiğneme Köpek Oyuncağı | D71: =IFERROR(__xludf.DUMMYFUNCTION("""COMPUTED_VALUE"""),1914.66) -> 1914.66 | E71: =IFERROR(__xludf.DUMMYFUNCTION("""COMPUTED_VALUE"""),382.932) -> 382.932 | F71: =IFERROR(__xludf.DUMMYFUNCTION("""COMPUTED_VALUE"""),86.4) -> 86.4 | H71: =IFERROR(__xludf.DUMMYFUNCTION("""COMPUTED_VALUE"""),"") | I71: =IFERROR(__xludf.DUMMYFUNCTION("""COMPUTED_VALUE"""),1.0) -> 1 | J71: =IFERROR(__xludf.DUMMYFUNCTION("""COMPUTED_VALUE"""),"Maliyet eksik") -> Maliyet eksik | K71: =IFERROR(__xludf.DUMMYFUNCTION("""COMPUTED_VALUE"""),"") | L71: =IFERROR(__xludf.DUMMYFUNCTION("""COMPUTED_VALUE"""),"Maliyet/desi/komisyon tamamla") -> Maliyet/desi/komisyon tamamla
A72: =IFERROR(__xludf.DUMMYFUNCTION("""COMPUTED_VALUE"""),8.40134695983E11) -> 840134695983 | B72: =IFERROR(__xludf.DUMMYFUNCTION("""COMPUTED_VALUE"""),"BARK") -> BARK | C72: =IFERROR(__xludf.DUMMYFUNCTION("""COMPUTED_VALUE"""),"Brtha Sesli Ejderha Köpek Oyuncağı") -> Brtha Sesli Ejderha Köpek Oyuncağı | D72: =IFERROR(__xludf.DUMMYFUNCTION("""COMPUTED_VALUE"""),1286.01) -> 1286.01 | E72: =IFERROR(__xludf.DUMMYFUNCTION("""COMPUTED_VALUE"""),257.202) -> 257.202 | F72: =IFERROR(__xludf.DUMMYFUNCTION("""COMPUTED_VALUE"""),86.4) -> 86.4 | H72: =IFERROR(__xludf.DUMMYFUNCTION("""COMPUTED_VALUE"""),"") | I72: =IFERROR(__xludf.DUMMYFUNCTION("""COMPUTED_VALUE"""),1.0) -> 1 | J72: =IFERROR(__xludf.DUMMYFUNCTION("""COMPUTED_VALUE"""),"Maliyet eksik") -> Maliyet eksik | K72: =IFERROR(__xludf.DUMMYFUNCTION("""COMPUTED_VALUE"""),"") | L72: =IFERROR(__xludf.DUMMYFUNCTION("""COMPUTED_VALUE"""),"Maliyet/desi/komisyon tamamla") -> Maliyet/desi/komisyon tamamla
A73: =IFERROR(__xludf.DUMMYFUNCTION("""COMPUTED_VALUE"""),8.4013469599E11) -> 840134695990 | B73: =IFERROR(__xludf.DUMMYFUNCTION("""COMPUTED_VALUE"""),"BARK") -> BARK | C73: =IFERROR(__xludf.DUMMYFUNCTION("""COMPUTED_VALUE"""),"Acornucopia Çiğneme Köpek Oyuncağı") -> Acornucopia Çiğneme Köpek Oyuncağı | D73: =IFERROR(__xludf.DUMMYFUNCTION("""COMPUTED_VALUE"""),1583.01) -> 1583.01 | E73: =IFERROR(__xludf.DUMMYFUNCTION("""COMPUTED_VALUE"""),316.60200000000003) -> 316.602 | F73: =IFERROR(__xludf.DUMMYFUNCTION("""COMPUTED_VALUE"""),86.4) -> 86.4 | H73: =IFERROR(__xludf.DUMMYFUNCTION("""COMPUTED_VALUE"""),"") | I73: =IFERROR(__xludf.DUMMYFUNCTION("""COMPUTED_VALUE"""),1.0) -> 1 | J73: =IFERROR(__xludf.DUMMYFUNCTION("""COMPUTED_VALUE"""),"Maliyet eksik") -> Maliyet eksik | K73: =IFERROR(__xludf.DUMMYFUNCTION("""COMPUTED_VALUE"""),"") | L73: =IFERROR(__xludf.DUMMYFUNCTION("""COMPUTED_VALUE"""),"Maliyet/desi/komisyon tamamla") -> Maliyet/desi/komisyon tamamla
A74: =IFERROR(__xludf.DUMMYFUNCTION("""COMPUTED_VALUE"""),8.40134696355E11) -> 840134696355 | B74: =IFERROR(__xludf.DUMMYFUNCTION("""COMPUTED_VALUE"""),"BARK") -> BARK | C74: =IFERROR(__xludf.DUMMYFUNCTION("""COMPUTED_VALUE"""),"Turnt Turp Köpek Oyuncağı") -> Turnt Turp Köpek Oyuncağı | D74: =IFERROR(__xludf.DUMMYFUNCTION("""COMPUTED_VALUE"""),1999.0) -> 1999 | E74: =IFERROR(__xludf.DUMMYFUNCTION("""COMPUTED_VALUE"""),399.8) -> 399.8 | F74: =IFERROR(__xludf.DUMMYFUNCTION("""COMPUTED_VALUE"""),86.4) -> 86.4 | H74: =IFERROR(__xludf.DUMMYFUNCTION("""COMPUTED_VALUE"""),"") | I74: =IFERROR(__xludf.DUMMYFUNCTION("""COMPUTED_VALUE"""),1.0) -> 1 | J74: =IFERROR(__xludf.DUMMYFUNCTION("""COMPUTED_VALUE"""),"Maliyet eksik") -> Maliyet eksik | K74: =IFERROR(__xludf.DUMMYFUNCTION("""COMPUTED_VALUE"""),"") | L74: =IFERROR(__xludf.DUMMYFUNCTION("""COMPUTED_VALUE"""),"Maliyet/desi/komisyon tamamla") -> Maliyet/desi/komisyon tamamla
A75: =IFERROR(__xludf.DUMMYFUNCTION("""COMPUTED_VALUE"""),8.40134696461E11) -> 840134696461 | B75: =IFERROR(__xludf.DUMMYFUNCTION("""COMPUTED_VALUE"""),"BARK") -> BARK | C75: =IFERROR(__xludf.DUMMYFUNCTION("""COMPUTED_VALUE"""),"Fetch Dal Köpek Oyuncağı") -> Fetch Dal Köpek Oyuncağı | D75: =IFERROR(__xludf.DUMMYFUNCTION("""COMPUTED_VALUE"""),1484.01) -> 1484.01 | E75: =IFERROR(__xludf.DUMMYFUNCTION("""COMPUTED_VALUE"""),296.802) -> 296.802 | F75: =IFERROR(__xludf.DUMMYFUNCTION("""COMPUTED_VALUE"""),86.4) -> 86.4 | H75: =IFERROR(__xludf.DUMMYFUNCTION("""COMPUTED_VALUE"""),"") | I75: =IFERROR(__xludf.DUMMYFUNCTION("""COMPUTED_VALUE"""),1.0) -> 1 | J75: =IFERROR(__xludf.DUMMYFUNCTION("""COMPUTED_VALUE"""),"Maliyet eksik") -> Maliyet eksik | K75: =IFERROR(__xludf.DUMMYFUNCTION("""COMPUTED_VALUE"""),"") | L75: =IFERROR(__xludf.DUMMYFUNCTION("""COMPUTED_VALUE"""),"Maliyet/desi/komisyon tamamla") -> Maliyet/desi/komisyon tamamla
A76: =IFERROR(__xludf.DUMMYFUNCTION("""COMPUTED_VALUE"""),8.40134696485E11) -> 840134696485 | B76: =IFERROR(__xludf.DUMMYFUNCTION("""COMPUTED_VALUE"""),"BARK") -> BARK | C76: =IFERROR(__xludf.DUMMYFUNCTION("""COMPUTED_VALUE"""),"Beaver Kunduz Köpek Oyuncağı") -> Beaver Kunduz Köpek Oyuncağı | D76: =IFERROR(__xludf.DUMMYFUNCTION("""COMPUTED_VALUE"""),1557.27) -> 1557.27 | E76: =IFERROR(__xludf.DUMMYFUNCTION("""COMPUTED_VALUE"""),311.454) -> 311.454 | F76: =IFERROR(__xludf.DUMMYFUNCTION("""COMPUTED_VALUE"""),86.4) -> 86.4 | H76: =IFERROR(__xludf.DUMMYFUNCTION("""COMPUTED_VALUE"""),"") | I76: =IFERROR(__xludf.DUMMYFUNCTION("""COMPUTED_VALUE"""),1.0) -> 1 | J76: =IFERROR(__xludf.DUMMYFUNCTION("""COMPUTED_VALUE"""),"Maliyet eksik") -> Maliyet eksik | K76: =IFERROR(__xludf.DUMMYFUNCTION("""COMPUTED_VALUE"""),"") | L76: =IFERROR(__xludf.DUMMYFUNCTION("""COMPUTED_VALUE"""),"Maliyet/desi/komisyon tamamla") -> Maliyet/desi/komisyon tamamla
A77: =IFERROR(__xludf.DUMMYFUNCTION("""COMPUTED_VALUE"""),5.060255492192E12) -> 5060255492192 | B77: =IFERROR(__xludf.DUMMYFUNCTION("""COMPUTED_VALUE"""),"Ever Clean") -> Ever Clean | C77: =IFERROR(__xludf.DUMMYFUNCTION("""COMPUTED_VALUE"""),"Less Pass(PATİLERE YAPIŞMAYAN) Kedi Kumu 10 Lt") -> Less Pass(PATİLERE YAPIŞMAYAN) Kedi Kumu 10 Lt | D77: =IFERROR(__xludf.DUMMYFUNCTION("""COMPUTED_VALUE"""),1000.0) -> 1000 | E77: =IFERROR(__xludf.DUMMYFUNCTION("""COMPUTED_VALUE"""),128.0) -> 128 | F77: =IFERROR(__xludf.DUMMYFUNCTION("""COMPUTED_VALUE"""),86.4) -> 86.4 | H77: =IFERROR(__xludf.DUMMYFUNCTION("""COMPUTED_VALUE"""),"") | I77: =IFERROR(__xludf.DUMMYFUNCTION("""COMPUTED_VALUE"""),2.0) -> 2 | J77: =IFERROR(__xludf.DUMMYFUNCTION("""COMPUTED_VALUE"""),"Maliyet eksik") -> Maliyet eksik | K77: =IFERROR(__xludf.DUMMYFUNCTION("""COMPUTED_VALUE"""),"") | L77: =IFERROR(__xludf.DUMMYFUNCTION("""COMPUTED_VALUE"""),"Maliyet/desi/komisyon tamamla") -> Maliyet/desi/komisyon tamamla
A78: =IFERROR(__xludf.DUMMYFUNCTION("""COMPUTED_VALUE"""),5.060255492253E12) -> 5060255492253 | B78: =IFERROR(__xludf.DUMMYFUNCTION("""COMPUTED_VALUE"""),"Ever Clean") -> Ever Clean | C78: =IFERROR(__xludf.DUMMYFUNCTION("""COMPUTED_VALUE"""),"Multiple Cat Kedi Kumu 10 Lt") -> Multiple Cat Kedi Kumu 10 Lt | D78: =IFERROR(__xludf.DUMMYFUNCTION("""COMPUTED_VALUE"""),1124.1) -> 1124.1 | E78: =IFERROR(__xludf.DUMMYFUNCTION("""COMPUTED_VALUE"""),149.50529999999998) -> 149.5053 | F78: =IFERROR(__xludf.DUMMYFUNCTION("""COMPUTED_VALUE"""),86.4) -> 86.4 | H78: =IFERROR(__xludf.DUMMYFUNCTION("""COMPUTED_VALUE"""),"") | I78: =IFERROR(__xludf.DUMMYFUNCTION("""COMPUTED_VALUE"""),2.0) -> 2 | J78: =IFERROR(__xludf.DUMMYFUNCTION("""COMPUTED_VALUE"""),"Maliyet eksik") -> Maliyet eksik | K78: =IFERROR(__xludf.DUMMYFUNCTION("""COMPUTED_VALUE"""),"") | L78: =IFERROR(__xludf.DUMMYFUNCTION("""COMPUTED_VALUE"""),"Maliyet/desi/komisyon tamamla") -> Maliyet/desi/komisyon tamamla
A79: =IFERROR(__xludf.DUMMYFUNCTION("""COMPUTED_VALUE"""),5.060255492291E12) -> 5060255492291 | B79: =IFERROR(__xludf.DUMMYFUNCTION("""COMPUTED_VALUE"""),"Ever Clean") -> Ever Clean | C79: =IFERROR(__xludf.DUMMYFUNCTION("""COMPUTED_VALUE"""),"Lavender Lavanta Kokulu Ince Taneli Topaklaşan Kedi Kumu 10 L") -> Lavender Lavanta Kokulu Ince Taneli Topaklaşan Kedi Kumu 10 L | D79: =IFERROR(__xludf.DUMMYFUNCTION("""COMPUTED_VALUE"""),1048.5) -> 1048.5 | E79: =IFERROR(__xludf.DUMMYFUNCTION("""COMPUTED_VALUE"""),152.0325) -> 152.0325 | F79: =IFERROR(__xludf.DUMMYFUNCTION("""COMPUTED_VALUE"""),86.4) -> 86.4 | H79: =IFERROR(__xludf.DUMMYFUNCTION("""COMPUTED_VALUE"""),"") | I79: =IFERROR(__xludf.DUMMYFUNCTION("""COMPUTED_VALUE"""),2.0) -> 2 | J79: =IFERROR(__xludf.DUMMYFUNCTION("""COMPUTED_VALUE"""),"Maliyet eksik") -> Maliyet eksik | K79: =IFERROR(__xludf.DUMMYFUNCTION("""COMPUTED_VALUE"""),"") | L79: =IFERROR(__xludf.DUMMYFUNCTION("""COMPUTED_VALUE"""),"Maliyet/desi/komisyon tamamla") -> Maliyet/desi/komisyon tamamla
A80: =IFERROR(__xludf.DUMMYFUNCTION("""COMPUTED_VALUE"""),5.060412212489E12) -> 5060412212489 | B80: =IFERROR(__xludf.DUMMYFUNCTION("""COMPUTED_VALUE"""),"Ever Clean") -> Ever Clean | C80: =IFERROR(__xludf.DUMMYFUNCTION("""COMPUTED_VALUE"""),"Fast Acting 10 lt.") -> Fast Acting 10 lt. | D80: =IFERROR(__xludf.DUMMYFUNCTION("""COMPUTED_VALUE"""),1169.1) -> 1169.1 | E80: =IFERROR(__xludf.DUMMYFUNCTION("""COMPUTED_VALUE"""),169.51949999999997) -> 169.5195 | F80: =IFERROR(__xludf.DUMMYFUNCTION("""COMPUTED_VALUE"""),86.4) -> 86.4 | H80: =IFERROR(__xludf.DUMMYFUNCTION("""COMPUTED_VALUE"""),"") | I80: =IFERROR(__xludf.DUMMYFUNCTION("""COMPUTED_VALUE"""),2.0) -> 2 | J80: =IFERROR(__xludf.DUMMYFUNCTION("""COMPUTED_VALUE"""),"Maliyet eksik") -> Maliyet eksik | K80: =IFERROR(__xludf.DUMMYFUNCTION("""COMPUTED_VALUE"""),"") | L80: =IFERROR(__xludf.DUMMYFUNCTION("""COMPUTED_VALUE"""),"Maliyet/desi/komisyon tamamla") -> Maliyet/desi/komisyon tamamla
A81: =IFERROR(__xludf.DUMMYFUNCTION("""COMPUTED_VALUE"""),5.060412214117E12) -> 5060412214117 | B81: =IFERROR(__xludf.DUMMYFUNCTION("""COMPUTED_VALUE"""),"Ever Clean") -> Ever Clean | C81: =IFERROR(__xludf.DUMMYFUNCTION("""COMPUTED_VALUE"""),"LitterFree Paws 10 Lt") -> LitterFree Paws 10 Lt | D81: =IFERROR(__xludf.DUMMYFUNCTION("""COMPUTED_VALUE"""),1047.6) -> 1047.6 | E81: =IFERROR(__xludf.DUMMYFUNCTION("""COMPUTED_VALUE"""),151.902) -> 151.902 | F81: =IFERROR(__xludf.DUMMYFUNCTION("""COMPUTED_VALUE"""),86.4) -> 86.4 | H81: =IFERROR(__xludf.DUMMYFUNCTION("""COMPUTED_VALUE"""),"") | I81: =IFERROR(__xludf.DUMMYFUNCTION("""COMPUTED_VALUE"""),2.0) -> 2 | J81: =IFERROR(__xludf.DUMMYFUNCTION("""COMPUTED_VALUE"""),"Maliyet eksik") -> Maliyet eksik | K81: =IFERROR(__xludf.DUMMYFUNCTION("""COMPUTED_VALUE"""),"") | L81: =IFERROR(__xludf.DUMMYFUNCTION("""COMPUTED_VALUE"""),"Maliyet/desi/komisyon tamamla") -> Maliyet/desi/komisyon tamamla
A82: =IFERROR(__xludf.DUMMYFUNCTION("""COMPUTED_VALUE"""),8.005852171054E12) -> 8005852171054 | B82: =IFERROR(__xludf.DUMMYFUNCTION("""COMPUTED_VALUE"""),"Schesir") -> Schesir | C82: =IFERROR(__xludf.DUMMYFUNCTION("""COMPUTED_VALUE"""),"Jelly Ton Balıklı ve Levrekli Pouch Kedi Konservesi 85 Gr") -> Jelly Ton Balıklı ve Levrekli Pouch Kedi Konservesi 85 Gr | D82: =IFERROR(__xludf.DUMMYFUNCTION("""COMPUTED_VALUE"""),259.0) -> 259 | E82: =IFERROR(__xludf.DUMMYFUNCTION("""COMPUTED_VALUE"""),42.735) -> 42.735 | F82: =IFERROR(__xludf.DUMMYFUNCTION("""COMPUTED_VALUE"""),90.0) -> 90 | H82: =IFERROR(__xludf.DUMMYFUNCTION("""COMPUTED_VALUE"""),"") | I82: =IFERROR(__xludf.DUMMYFUNCTION("""COMPUTED_VALUE"""),3.0) -> 3 | J82: =IFERROR(__xludf.DUMMYFUNCTION("""COMPUTED_VALUE"""),"Maliyet eksik") -> Maliyet eksik | K82: =IFERROR(__xludf.DUMMYFUNCTION("""COMPUTED_VALUE"""),"") | L82: =IFERROR(__xludf.DUMMYFUNCTION("""COMPUTED_VALUE"""),"Maliyet/desi/komisyon tamamla") -> Maliyet/desi/komisyon tamamla

Sheet Uyarilar
A1: Operasyon Uyarıları
A3: Zarar Eden Ürünler
A4: Barkod | B4: Marka | C4: Ürün Adı | D4: BuyBox Fiyatı | E4: Net Kâr / Zarar | F4: Kâr Oranı % | G4: Risk | H4: Aksiyon
A5: =IFERROR(__xludf.DUMMYFUNCTION("SORTN(FILTER({'BuyBox Karlilik'!A2:D300,'BuyBox Karlilik'!K2:L300,'BuyBox Karlilik'!T2:U300},'BuyBox Karlilik'!T2:T300=""ZARAR""),20,0,5,TRUE)"),3.5585494029E10) -> 35585494029 | B5: =IFERROR(__xludf.DUMMYFUNCTION("""COMPUTED_VALUE"""),"Kong") -> Kong | C5: =IFERROR(__xludf.DUMMYFUNCTION("""COMPUTED_VALUE"""),"KONGSİGNATURE STİCKÇUBUK ŞEKLİNDEKÖPEKOYUNCAĞI M") -> KONGSİGNATURE STİCKÇUBUK ŞEKLİNDEKÖPEKOYUNCAĞI M | D5: =IFERROR(__xludf.DUMMYFUNCTION("""COMPUTED_VALUE"""),880.0) -> 880 | E5: =IFERROR(__xludf.DUMMYFUNCTION("""COMPUTED_VALUE"""),-263.32333333333327) -> -263.32333 | F5: =IFERROR(__xludf.DUMMYFUNCTION("""COMPUTED_VALUE"""),-0.29923106060606053) -> -0.29923106 | G5: =IFERROR(__xludf.DUMMYFUNCTION("""COMPUTED_VALUE"""),"ZARAR") -> ZARAR | H5: =IFERROR(__xludf.DUMMYFUNCTION("""COMPUTED_VALUE"""),"Fiyat, maliyet veya kampanya kontrol et") -> Fiyat, maliyet veya kampanya kontrol et
A6: =IFERROR(__xludf.DUMMYFUNCTION("""COMPUTED_VALUE"""),9.003579008485E12) -> 9003579008485 | B6: =IFERROR(__xludf.DUMMYFUNCTION("""COMPUTED_VALUE"""),"Royal Canin") -> Royal Canin | C6: =IFERROR(__xludf.DUMMYFUNCTION("""COMPUTED_VALUE"""),"Maxi Adult Gravy Yetişkin Köpek Konservesi 10 Adet 140 Gr") -> Maxi Adult Gravy Yetişkin Köpek Konservesi 10 Adet 140 Gr | D6: =IFERROR(__xludf.DUMMYFUNCTION("""COMPUTED_VALUE"""),465.0) -> 465 | E6: =IFERROR(__xludf.DUMMYFUNCTION("""COMPUTED_VALUE"""),-233.34999999999997) -> -233.35 | F6: =IFERROR(__xludf.DUMMYFUNCTION("""COMPUTED_VALUE"""),-0.5018279569892472) -> -0.50182796 | G6: =IFERROR(__xludf.DUMMYFUNCTION("""COMPUTED_VALUE"""),"ZARAR") -> ZARAR | H6: =IFERROR(__xludf.DUMMYFUNCTION("""COMPUTED_VALUE"""),"Fiyat, maliyet veya kampanya kontrol et") -> Fiyat, maliyet veya kampanya kontrol et
A7: =IFERROR(__xludf.DUMMYFUNCTION("""COMPUTED_VALUE"""),"TY988899455015287") -> TY988899455015287 | B7: =IFERROR(__xludf.DUMMYFUNCTION("""COMPUTED_VALUE"""),"Royal Canin") -> Royal Canin | C7: =IFERROR(__xludf.DUMMYFUNCTION("""COMPUTED_VALUE"""),"Mini Starter Mother & Babydog Anne ve Yavru Köpek Maması 4kg") -> Mini Starter Mother & Babydog Anne ve Yavru Köpek Maması 4kg | D7: =IFERROR(__xludf.DUMMYFUNCTION("""COMPUTED_VALUE"""),1555.99) -> 1555.99 | E7: =IFERROR(__xludf.DUMMYFUNCTION("""COMPUTED_VALUE"""),-227.86974333333336) -> -227.86974 | F7: =IFERROR(__xludf.DUMMYFUNCTION("""COMPUTED_VALUE"""),-0.14644679164604743) -> -0.14644679 | G7: =IFERROR(__xludf.DUMMYFUNCTION("""COMPUTED_VALUE"""),"ZARAR") -> ZARAR | H7: =IFERROR(__xludf.DUMMYFUNCTION("""COMPUTED_VALUE"""),"Fiyat, maliyet veya kampanya kontrol et") -> Fiyat, maliyet veya kampanya kontrol et
A8: =IFERROR(__xludf.DUMMYFUNCTION("""COMPUTED_VALUE"""),"TYBUPYD47K660EFG52") -> TYBUPYD47K660EFG52 | B8: =IFERROR(__xludf.DUMMYFUNCTION("""COMPUTED_VALUE"""),"Hill's") -> Hill's | C8: =IFERROR(__xludf.DUMMYFUNCTION("""COMPUTED_VALUE"""),"Hills Sterilised Somon Kısır Kedi Maması 10 Kg") -> Hills Sterilised Somon Kısır Kedi Maması 10 Kg | D8: =IFERROR(__xludf.DUMMYFUNCTION("""COMPUTED_VALUE"""),4399.72) -> 4399.72 | E8: =IFERROR(__xludf.DUMMYFUNCTION("""COMPUTED_VALUE"""),-190.09933333333322) -> -190.09933 | F8: =IFERROR(__xludf.DUMMYFUNCTION("""COMPUTED_VALUE"""),-0.043207143484888404) -> -0.043207143 | G8: =IFERROR(__xludf.DUMMYFUNCTION("""COMPUTED_VALUE"""),"ZARAR") -> ZARAR | H8: =IFERROR(__xludf.DUMMYFUNCTION("""COMPUTED_VALUE"""),"Fiyat, maliyet veya kampanya kontrol et") -> Fiyat, maliyet veya kampanya kontrol et
A9: =IFERROR(__xludf.DUMMYFUNCTION("""COMPUTED_VALUE"""),6.13033566523E11) -> 613033566523 | B9: =IFERROR(__xludf.DUMMYFUNCTION("""COMPUTED_VALUE"""),"Pro Plan") -> Pro Plan | C9: =IFERROR(__xludf.DUMMYFUNCTION("""COMPUTED_VALUE"""),"Kısırlaştırılmış Somonlu Kedi Maması 10 Kg") -> Kısırlaştırılmış Somonlu Kedi Maması 10 Kg | D9: =IFERROR(__xludf.DUMMYFUNCTION("""COMPUTED_VALUE"""),3998.0) -> 3998 | E9: =IFERROR(__xludf.DUMMYFUNCTION("""COMPUTED_VALUE"""),-182.99666666666644) -> -182.99667 | F9: =IFERROR(__xludf.DUMMYFUNCTION("""COMPUTED_VALUE"""),-0.04577205269301312) -> -0.045772053 | G9: =IFERROR(__xludf.DUMMYFUNCTION("""COMPUTED_VALUE"""),"ZARAR") -> ZARAR | H9: =IFERROR(__xludf.DUMMYFUNCTION("""COMPUTED_VALUE"""),"Fiyat, maliyet veya kampanya kontrol et") -> Fiyat, maliyet veya kampanya kontrol et
A10: =IFERROR(__xludf.DUMMYFUNCTION("""COMPUTED_VALUE"""),7.613033566523E12) -> 7613033566523 | B10: =IFERROR(__xludf.DUMMYFUNCTION("""COMPUTED_VALUE"""),"Pro Plan") -> Pro Plan | C10: =IFERROR(__xludf.DUMMYFUNCTION("""COMPUTED_VALUE"""),"Sterilised Kısırlaştırılmış Somonlu Kedi Maması 10 KG") -> Sterilised Kısırlaştırılmış Somonlu Kedi Maması 10 KG | D10: =IFERROR(__xludf.DUMMYFUNCTION("""COMPUTED_VALUE"""),4000.0) -> 4000 | E10: =IFERROR(__xludf.DUMMYFUNCTION("""COMPUTED_VALUE"""),-180.5033333333329) -> -180.50333 | F10: =IFERROR(__xludf.DUMMYFUNCTION("""COMPUTED_VALUE"""),-0.045125833333333226) -> -0.045125833 | G10: =IFERROR(__xludf.DUMMYFUNCTION("""COMPUTED_VALUE"""),"ZARAR") -> ZARAR | H10: =IFERROR(__xludf.DUMMYFUNCTION("""COMPUTED_VALUE"""),"Fiyat, maliyet veya kampanya kontrol et") -> Fiyat, maliyet veya kampanya kontrol et
A11: =IFERROR(__xludf.DUMMYFUNCTION("""COMPUTED_VALUE"""),9.003579308745E12) -> 9003579308745 | B11: =IFERROR(__xludf.DUMMYFUNCTION("""COMPUTED_VALUE"""),"Royal Canin") -> Royal Canin | C11: =IFERROR(__xludf.DUMMYFUNCTION("""COMPUTED_VALUE"""),"Gravy Yavru Kedi Konservesi 85 gr 12 Adet") -> Gravy Yavru Kedi Konservesi 85 gr 12 Adet | D11: =IFERROR(__xludf.DUMMYFUNCTION("""COMPUTED_VALUE"""),559.0) -> 559 | E11: =IFERROR(__xludf.DUMMYFUNCTION("""COMPUTED_VALUE"""),-145.49233333333333) -> -145.49233 | F11: =IFERROR(__xludf.DUMMYFUNCTION("""COMPUTED_VALUE"""),-0.26027251043530114) -> -0.26027251 | G11: =IFERROR(__xludf.DUMMYFUNCTION("""COMPUTED_VALUE"""),"ZARAR") -> ZARAR | H11: =IFERROR(__xludf.DUMMYFUNCTION("""COMPUTED_VALUE"""),"Fiyat, maliyet veya kampanya kontrol et") -> Fiyat, maliyet veya kampanya kontrol et
A12: =IFERROR(__xludf.DUMMYFUNCTION("""COMPUTED_VALUE"""),9.003579308738E12) -> 9003579308738 | B12: =IFERROR(__xludf.DUMMYFUNCTION("""COMPUTED_VALUE"""),"Royal Canin") -> Royal Canin | C12: =IFERROR(__xludf.DUMMYFUNCTION("""COMPUTED_VALUE"""),"Instinctive Yaş Kedi Maması 12 x 85g") -> Instinctive Yaş Kedi Maması 12 x 85g | D12: =IFERROR(__xludf.DUMMYFUNCTION("""COMPUTED_VALUE"""),527.09) -> 527.09 | E12: =IFERROR(__xludf.DUMMYFUNCTION("""COMPUTED_VALUE"""),-123.05961666666659) -> -123.05962 | F12: =IFERROR(__xludf.DUMMYFUNCTION("""COMPUTED_VALUE"""),-0.23346983753565156) -> -0.23346984 | G12: =IFERROR(__xludf.DUMMYFUNCTION("""COMPUTED_VALUE"""),"ZARAR") -> ZARAR | H12: =IFERROR(__xludf.DUMMYFUNCTION("""COMPUTED_VALUE"""),"Fiyat, maliyet veya kampanya kontrol et") -> Fiyat, maliyet veya kampanya kontrol et
A13: =IFERROR(__xludf.DUMMYFUNCTION("""COMPUTED_VALUE"""),"HBCV0000CCFV8V") -> HBCV0000CCFV8V | B13: =IFERROR(__xludf.DUMMYFUNCTION("""COMPUTED_VALUE"""),"Pro Plan") -> Pro Plan | C13: =IFERROR(__xludf.DUMMYFUNCTION("""COMPUTED_VALUE"""),"Kitten Yavru Kedi Kuru Maması 400 gr 4 Adet") -> Kitten Yavru Kedi Kuru Maması 400 gr 4 Adet | D13: =IFERROR(__xludf.DUMMYFUNCTION("""COMPUTED_VALUE"""),650.0) -> 650 | E13: =IFERROR(__xludf.DUMMYFUNCTION("""COMPUTED_VALUE"""),-119.85666666666667) -> -119.85667 | F13: =IFERROR(__xludf.DUMMYFUNCTION("""COMPUTED_VALUE"""),-0.1843948717948718) -> -0.18439487 | G13: =IFERROR(__xludf.DUMMYFUNCTION("""COMPUTED_VALUE"""),"ZARAR") -> ZARAR | H13: =IFERROR(__xludf.DUMMYFUNCTION("""COMPUTED_VALUE"""),"Fiyat, maliyet veya kampanya kontrol et") -> Fiyat, maliyet veya kampanya kontrol et
A14: =IFERROR(__xludf.DUMMYFUNCTION("""COMPUTED_VALUE"""),9.003579013748E12) -> 9003579013748 | B14: =IFERROR(__xludf.DUMMYFUNCTION("""COMPUTED_VALUE"""),"Royal Canin") -> Royal Canin | C14: =IFERROR(__xludf.DUMMYFUNCTION("""COMPUTED_VALUE"""),"Köpek Mama Pomeranian Köpek Konserve 12X85GR") -> Köpek Mama Pomeranian Köpek Konserve 12X85GR | D14: =IFERROR(__xludf.DUMMYFUNCTION("""COMPUTED_VALUE"""),540.0) -> 540 | E14: =IFERROR(__xludf.DUMMYFUNCTION("""COMPUTED_VALUE"""),-118.78999999999996) -> -118.79 | F14: =IFERROR(__xludf.DUMMYFUNCTION("""COMPUTED_VALUE"""),-0.21998148148148142) -> -0.21998148 | G14: =IFERROR(__xludf.DUMMYFUNCTION("""COMPUTED_VALUE"""),"ZARAR") -> ZARAR | H14: =IFERROR(__xludf.DUMMYFUNCTION("""COMPUTED_VALUE"""),"Fiyat, maliyet veya kampanya kontrol et") -> Fiyat, maliyet veya kampanya kontrol et
A15: =IFERROR(__xludf.DUMMYFUNCTION("""COMPUTED_VALUE"""),8.684207638772E12) -> 8684207638772 | B15: =IFERROR(__xludf.DUMMYFUNCTION("""COMPUTED_VALUE"""),"Supreme Cat") -> Supreme Cat | C15: =IFERROR(__xludf.DUMMYFUNCTION("""COMPUTED_VALUE"""),"Ördek & Somon Kıyılmış Konserve Kedi Yaş Maması 85 gr") -> Ördek & Somon Kıyılmış Konserve Kedi Yaş Maması 85 gr | D15: =IFERROR(__xludf.DUMMYFUNCTION("""COMPUTED_VALUE"""),594.0) -> 594 | E15: =IFERROR(__xludf.DUMMYFUNCTION("""COMPUTED_VALUE"""),-112.14999999999999) -> -112.15 | F15: =IFERROR(__xludf.DUMMYFUNCTION("""COMPUTED_VALUE"""),-0.18880471380471378) -> -0.18880471 | G15: =IFERROR(__xludf.DUMMYFUNCTION("""COMPUTED_VALUE"""),"ZARAR") -> ZARAR | H15: =IFERROR(__xludf.DUMMYFUNCTION("""COMPUTED_VALUE"""),"Fiyat, maliyet veya kampanya kontrol et") -> Fiyat, maliyet veya kampanya kontrol et
A16: =IFERROR(__xludf.DUMMYFUNCTION("""COMPUTED_VALUE"""),7.613033566387E12) -> 7613033566387 | B16: =IFERROR(__xludf.DUMMYFUNCTION("""COMPUTED_VALUE"""),"Pro Plan") -> Pro Plan | C16: =IFERROR(__xludf.DUMMYFUNCTION("""COMPUTED_VALUE"""),"Renal Plus Sterilised, Somonlu Kısırlaştırılmış Kedi Maması 1.5 Kg") -> Renal Plus Sterilised, Somonlu Kısırlaştırılmış Kedi Maması 1.5 Kg | D16: =IFERROR(__xludf.DUMMYFUNCTION("""COMPUTED_VALUE"""),781.3) -> 781.3 | E16: =IFERROR(__xludf.DUMMYFUNCTION("""COMPUTED_VALUE"""),-107.15523333333341) -> -107.15523 | F16: =IFERROR(__xludf.DUMMYFUNCTION("""COMPUTED_VALUE"""),-0.1371499210717182) -> -0.13714992 | G16: =IFERROR(__xludf.DUMMYFUNCTION("""COMPUTED_VALUE"""),"ZARAR") -> ZARAR | H16: =IFERROR(__xludf.DUMMYFUNCTION("""COMPUTED_VALUE"""),"Fiyat, maliyet veya kampanya kontrol et") -> Fiyat, maliyet veya kampanya kontrol et
A17: =IFERROR(__xludf.DUMMYFUNCTION("""COMPUTED_VALUE"""),7.613033560033E12) -> 7613033560033 | B17: =IFERROR(__xludf.DUMMYFUNCTION("""COMPUTED_VALUE"""),"Pro Plan") -> Pro Plan | C17: =IFERROR(__xludf.DUMMYFUNCTION("""COMPUTED_VALUE"""),"Sterilised Hindi-Tavuk Kısırlaştırılmış Kedi Maması 3 Kg") -> Sterilised Hindi-Tavuk Kısırlaştırılmış Kedi Maması 3 Kg | D17: =IFERROR(__xludf.DUMMYFUNCTION("""COMPUTED_VALUE"""),1299.0) -> 1299 | E17: =IFERROR(__xludf.DUMMYFUNCTION("""COMPUTED_VALUE"""),-96.92500000000008) -> -96.925 | F17: =IFERROR(__xludf.DUMMYFUNCTION("""COMPUTED_VALUE"""),-0.07461508852963825) -> -0.074615089 | G17: =IFERROR(__xludf.DUMMYFUNCTION("""COMPUTED_VALUE"""),"ZARAR") -> ZARAR | H17: =IFERROR(__xludf.DUMMYFUNCTION("""COMPUTED_VALUE"""),"Fiyat, maliyet veya kampanya kontrol et") -> Fiyat, maliyet veya kampanya kontrol et
A18: =IFERROR(__xludf.DUMMYFUNCTION("""COMPUTED_VALUE"""),5.274203597E10) -> 52742035970 | B18: =IFERROR(__xludf.DUMMYFUNCTION("""COMPUTED_VALUE"""),"Hill's") -> Hill's | C18: =IFERROR(__xludf.DUMMYFUNCTION("""COMPUTED_VALUE"""),"Hill’s SCIENCE PLAN Sterilised Ördekli Kısırlaştırılmış Kedi Maması 1,5 Kg") -> Hill’s SCIENCE PLAN Sterilised Ördekli Kısırlaştırılmış Kedi Maması 1,5 Kg | D18: =IFERROR(__xludf.DUMMYFUNCTION("""COMPUTED_VALUE"""),1070.0) -> 1070 | E18: =IFERROR(__xludf.DUMMYFUNCTION("""COMPUTED_VALUE"""),-89.61666666666666) -> -89.616667 | F18: =IFERROR(__xludf.DUMMYFUNCTION("""COMPUTED_VALUE"""),-0.08375389408099689) -> -0.083753894 | G18: =IFERROR(__xludf.DUMMYFUNCTION("""COMPUTED_VALUE"""),"ZARAR") -> ZARAR | H18: =IFERROR(__xludf.DUMMYFUNCTION("""COMPUTED_VALUE"""),"Fiyat, maliyet veya kampanya kontrol et") -> Fiyat, maliyet veya kampanya kontrol et
A19: =IFERROR(__xludf.DUMMYFUNCTION("""COMPUTED_VALUE"""),9.003579008249E12) -> 9003579008249 | B19: =IFERROR(__xludf.DUMMYFUNCTION("""COMPUTED_VALUE"""),"Royal Canin") -> Royal Canin | C19: =IFERROR(__xludf.DUMMYFUNCTION("""COMPUTED_VALUE"""),"Küçük Irklar için Yetişkin Yaş Köpek Maması 12 x 85g") -> Küçük Irklar için Yetişkin Yaş Köpek Maması 12 x 85g | D19: =IFERROR(__xludf.DUMMYFUNCTION("""COMPUTED_VALUE"""),505.0) -> 505 | E19: =IFERROR(__xludf.DUMMYFUNCTION("""COMPUTED_VALUE"""),-88.12333333333335) -> -88.123333 | F19: =IFERROR(__xludf.DUMMYFUNCTION("""COMPUTED_VALUE"""),-0.17450165016501654) -> -0.17450165 | G19: =IFERROR(__xludf.DUMMYFUNCTION("""COMPUTED_VALUE"""),"ZARAR") -> ZARAR | H19: =IFERROR(__xludf.DUMMYFUNCTION("""COMPUTED_VALUE"""),"Fiyat, maliyet veya kampanya kontrol et") -> Fiyat, maliyet veya kampanya kontrol et
A20: =IFERROR(__xludf.DUMMYFUNCTION("""COMPUTED_VALUE"""),9.003579008201E12) -> 9003579008201 | B20: =IFERROR(__xludf.DUMMYFUNCTION("""COMPUTED_VALUE"""),"Royal Canin") -> Royal Canin | C20: =IFERROR(__xludf.DUMMYFUNCTION("""COMPUTED_VALUE"""),"Küçük Irklar için Yavru Yaş Köpek Maması 12 x 85g") -> Küçük Irklar için Yavru Yaş Köpek Maması 12 x 85g | D20: =IFERROR(__xludf.DUMMYFUNCTION("""COMPUTED_VALUE"""),517.0) -> 517 | E20: =IFERROR(__xludf.DUMMYFUNCTION("""COMPUTED_VALUE"""),-80.6583333333333) -> -80.658333 | F20: =IFERROR(__xludf.DUMMYFUNCTION("""COMPUTED_VALUE"""),-0.15601225016118628) -> -0.15601225 | G20: =IFERROR(__xludf.DUMMYFUNCTION("""COMPUTED_VALUE"""),"ZARAR") -> ZARAR | H20: =IFERROR(__xludf.DUMMYFUNCTION("""COMPUTED_VALUE"""),"Fiyat, maliyet veya kampanya kontrol et") -> Fiyat, maliyet veya kampanya kontrol et
A21: =IFERROR(__xludf.DUMMYFUNCTION("""COMPUTED_VALUE"""),7.613033568558E12) -> 7613033568558 | B21: =IFERROR(__xludf.DUMMYFUNCTION("""COMPUTED_VALUE"""),"Pro Plan") -> Pro Plan | C21: =IFERROR(__xludf.DUMMYFUNCTION("""COMPUTED_VALUE"""),"Sterilised Somonlu Kısırlaştırılmış Kedi Konservesi 85 Gr") -> Sterilised Somonlu Kısırlaştırılmış Kedi Konservesi 85 Gr | D21: =IFERROR(__xludf.DUMMYFUNCTION("""COMPUTED_VALUE"""),72.0) -> 72 | E21: =IFERROR(__xludf.DUMMYFUNCTION("""COMPUTED_VALUE"""),-78.19) -> -78.19 | F21: =IFERROR(__xludf.DUMMYFUNCTION("""COMPUTED_VALUE"""),-1.0859722222222221) -> -1.0859722 | G21: =IFERROR(__xludf.DUMMYFUNCTION("""COMPUTED_VALUE"""),"ZARAR") -> ZARAR | H21: =IFERROR(__xludf.DUMMYFUNCTION("""COMPUTED_VALUE"""),"Fiyat, maliyet veya kampanya kontrol et") -> Fiyat, maliyet veya kampanya kontrol et
A22: =IFERROR(__xludf.DUMMYFUNCTION("""COMPUTED_VALUE"""),9.003579308929E12) -> 9003579308929 | B22: =IFERROR(__xludf.DUMMYFUNCTION("""COMPUTED_VALUE"""),"Royal Canin") -> Royal Canin | C22: =IFERROR(__xludf.DUMMYFUNCTION("""COMPUTED_VALUE"""),"Intense Beauty Gravy Pouch Yetişkin Kedi Konservesi 85 Gr") -> Intense Beauty Gravy Pouch Yetişkin Kedi Konservesi 85 Gr | D22: =IFERROR(__xludf.DUMMYFUNCTION("""COMPUTED_VALUE"""),76.3) -> 76.3 | E22: =IFERROR(__xludf.DUMMYFUNCTION("""COMPUTED_VALUE"""),-74.46333333333334) -> -74.463333 | F22: =IFERROR(__xludf.DUMMYFUNCTION("""COMPUTED_VALUE"""),-0.9759283529925733) -> -0.97592835 | G22: =IFERROR(__xludf.DUMMYFUNCTION("""COMPUTED_VALUE"""),"ZARAR") -> ZARAR | H22: =IFERROR(__xludf.DUMMYFUNCTION("""COMPUTED_VALUE"""),"Fiyat, maliyet veya kampanya kontrol et") -> Fiyat, maliyet veya kampanya kontrol et
A23: =IFERROR(__xludf.DUMMYFUNCTION("""COMPUTED_VALUE"""),9.003579311844E12) -> 9003579311844 | B23: =IFERROR(__xludf.DUMMYFUNCTION("""COMPUTED_VALUE"""),"Royal Canin") -> Royal Canin | C23: =IFERROR(__xludf.DUMMYFUNCTION("""COMPUTED_VALUE"""),"Sterilised Jelly Kısırlaştırılmış Yetişkin Kedi Yaş Maması 85 Gr x 12") -> Sterilised Jelly Kısırlaştırılmış Yetişkin Kedi Yaş Maması 85 Gr x 12 | D23: =IFERROR(__xludf.DUMMYFUNCTION("""COMPUTED_VALUE"""),613.0) -> 613 | E23: =IFERROR(__xludf.DUMMYFUNCTION("""COMPUTED_VALUE"""),-72.32333333333331) -> -72.323333 | F23: =IFERROR(__xludf.DUMMYFUNCTION("""COMPUTED_VALUE"""),-0.11798259923871665) -> -0.1179826 | G23: =IFERROR(__xludf.DUMMYFUNCTION("""COMPUTED_VALUE"""),"ZARAR") -> ZARAR | H23: =IFERROR(__xludf.DUMMYFUNCTION("""COMPUTED_VALUE"""),"Fiyat, maliyet veya kampanya kontrol et") -> Fiyat, maliyet veya kampanya kontrol et
A24: =IFERROR(__xludf.DUMMYFUNCTION("""COMPUTED_VALUE"""),9.003579311301E12) -> 9003579311301 | B24: =IFERROR(__xludf.DUMMYFUNCTION("""COMPUTED_VALUE"""),"Royal Canin") -> Royal Canin | C24: =IFERROR(__xludf.DUMMYFUNCTION("""COMPUTED_VALUE"""),"Sterilised Gravy Yaş Kedi Maması 85 gr") -> Sterilised Gravy Yaş Kedi Maması 85 gr | D24: =IFERROR(__xludf.DUMMYFUNCTION("""COMPUTED_VALUE"""),71.0) -> 71 | E24: =IFERROR(__xludf.DUMMYFUNCTION("""COMPUTED_VALUE"""),-72.31166666666667) -> -72.311667 | F24: =IFERROR(__xludf.DUMMYFUNCTION("""COMPUTED_VALUE"""),-1.0184741784037559) -> -1.0184742 | G24: =IFERROR(__xludf.DUMMYFUNCTION("""COMPUTED_VALUE"""),"ZARAR") -> ZARAR | H24: =IFERROR(__xludf.DUMMYFUNCTION("""COMPUTED_VALUE"""),"Fiyat, maliyet veya kampanya kontrol et") -> Fiyat, maliyet veya kampanya kontrol et
A26: Eksik Verili Ürünler
A27: Barkod | B27: Marka | C27: Ürün Adı | D27: BuyBox Fiyatı | E27: Eksik Komisyon | F27: Desi | G27: Eksik Maliyet | H27: Eksik Desi | I27: Aksiyon
A28: =IFERROR(__xludf.DUMMYFUNCTION("SORTN(FILTER({'BuyBox Karlilik'!A2:D300,'BuyBox Karlilik'!N2:Q300,'BuyBox Karlilik'!U2:U300},'BuyBox Karlilik'!T2:T300=""EKSİK VERİ""),25,0,1,TRUE)"),4.53481343543E11) -> 453481343543 | B28: =IFERROR(__xludf.DUMMYFUNCTION("""COMPUTED_VALUE"""),"Mito") -> Mito | C28: =IFERROR(__xludf.DUMMYFUNCTION("""COMPUTED_VALUE"""),"La Adult Cat Tavuklu Yetişkin Kedi Maması 15 Kg") -> La Adult Cat Tavuklu Yetişkin Kedi Maması 15 Kg | D28: =IFERROR(__xludf.DUMMYFUNCTION("""COMPUTED_VALUE"""),1700.0) -> 1700 | E28: =IFERROR(__xludf.DUMMYFUNCTION("""COMPUTED_VALUE"""),"") | F28: =IFERROR(__xludf.DUMMYFUNCTION("""COMPUTED_VALUE"""),"") | G28: =IFERROR(__xludf.DUMMYFUNCTION("""COMPUTED_VALUE"""),"Maliyet eksik") -> Maliyet eksik | H28: =IFERROR(__xludf.DUMMYFUNCTION("""COMPUTED_VALUE"""),"Desi eksik") -> Desi eksik | I28: =IFERROR(__xludf.DUMMYFUNCTION("""COMPUTED_VALUE"""),"Maliyet/desi/komisyon tamamla") -> Maliyet/desi/komisyon tamamla
A29: =IFERROR(__xludf.DUMMYFUNCTION("""COMPUTED_VALUE"""),8.40134695853E11) -> 840134695853 | B29: =IFERROR(__xludf.DUMMYFUNCTION("""COMPUTED_VALUE"""),"BARK") -> BARK | C29: =IFERROR(__xludf.DUMMYFUNCTION("""COMPUTED_VALUE"""),"Starbark Beyaz Bardak Köpek Çiğneme Oyuncak - M/L Boy (Ödül Doldurulabilir)") -> Starbark Beyaz Bardak Köpek Çiğneme Oyuncak - M/L Boy (Ödül Doldurulabilir) | D29: =IFERROR(__xludf.DUMMYFUNCTION("""COMPUTED_VALUE"""),1592.91) -> 1592.91 | E29: =IFERROR(__xludf.DUMMYFUNCTION("""COMPUTED_VALUE"""),"") | F29: =IFERROR(__xludf.DUMMYFUNCTION("""COMPUTED_VALUE"""),1.0) -> 1 | G29: =IFERROR(__xludf.DUMMYFUNCTION("""COMPUTED_VALUE"""),"Maliyet eksik") -> Maliyet eksik | H29: =IFERROR(__xludf.DUMMYFUNCTION("""COMPUTED_VALUE"""),"") | I29: =IFERROR(__xludf.DUMMYFUNCTION("""COMPUTED_VALUE"""),"Maliyet/desi/komisyon tamamla") -> Maliyet/desi/komisyon tamamla
A30: =IFERROR(__xludf.DUMMYFUNCTION("""COMPUTED_VALUE"""),8.40134695921E11) -> 840134695921 | B30: =IFERROR(__xludf.DUMMYFUNCTION("""COMPUTED_VALUE"""),"BARK") -> BARK | C30: =IFERROR(__xludf.DUMMYFUNCTION("""COMPUTED_VALUE"""),"Flingray Sesli Vatos Köpek Oyuncağı") -> Flingray Sesli Vatos Köpek Oyuncağı | D30: =IFERROR(__xludf.DUMMYFUNCTION("""COMPUTED_VALUE"""),2126.52) -> 2126.52 | E30: =IFERROR(__xludf.DUMMYFUNCTION("""COMPUTED_VALUE"""),"") | F30: =IFERROR(__xludf.DUMMYFUNCTION("""COMPUTED_VALUE"""),1.0) -> 1 | G30: =IFERROR(__xludf.DUMMYFUNCTION("""COMPUTED_VALUE"""),"Maliyet eksik") -> Maliyet eksik | H30: =IFERROR(__xludf.DUMMYFUNCTION("""COMPUTED_VALUE"""),"") | I30: =IFERROR(__xludf.DUMMYFUNCTION("""COMPUTED_VALUE"""),"Maliyet/desi/komisyon tamamla") -> Maliyet/desi/komisyon tamamla
A31: =IFERROR(__xludf.DUMMYFUNCTION("""COMPUTED_VALUE"""),8.40134695938E11) -> 840134695938 | B31: =IFERROR(__xludf.DUMMYFUNCTION("""COMPUTED_VALUE"""),"BARK") -> BARK | C31: =IFERROR(__xludf.DUMMYFUNCTION("""COMPUTED_VALUE"""),"Hambone Çiğneme Köpek Oyuncağı") -> Hambone Çiğneme Köpek Oyuncağı | D31: =IFERROR(__xludf.DUMMYFUNCTION("""COMPUTED_VALUE"""),1914.66) -> 1914.66 | E31: =IFERROR(__xludf.DUMMYFUNCTION("""COMPUTED_VALUE"""),"") | F31: =IFERROR(__xludf.DUMMYFUNCTION("""COMPUTED_VALUE"""),1.0) -> 1 | G31: =IFERROR(__xludf.DUMMYFUNCTION("""COMPUTED_VALUE"""),"Maliyet eksik") -> Maliyet eksik | H31: =IFERROR(__xludf.DUMMYFUNCTION("""COMPUTED_VALUE"""),"") | I31: =IFERROR(__xludf.DUMMYFUNCTION("""COMPUTED_VALUE"""),"Maliyet/desi/komisyon tamamla") -> Maliyet/desi/komisyon tamamla
A32: =IFERROR(__xludf.DUMMYFUNCTION("""COMPUTED_VALUE"""),8.40134695983E11) -> 840134695983 | B32: =IFERROR(__xludf.DUMMYFUNCTION("""COMPUTED_VALUE"""),"BARK") -> BARK | C32: =IFERROR(__xludf.DUMMYFUNCTION("""COMPUTED_VALUE"""),"Brtha Sesli Ejderha Köpek Oyuncağı") -> Brtha Sesli Ejderha Köpek Oyuncağı | D32: =IFERROR(__xludf.DUMMYFUNCTION("""COMPUTED_VALUE"""),1286.01) -> 1286.01 | E32: =IFERROR(__xludf.DUMMYFUNCTION("""COMPUTED_VALUE"""),"") | F32: =IFERROR(__xludf.DUMMYFUNCTION("""COMPUTED_VALUE"""),1.0) -> 1 | G32: =IFERROR(__xludf.DUMMYFUNCTION("""COMPUTED_VALUE"""),"Maliyet eksik") -> Maliyet eksik | H32: =IFERROR(__xludf.DUMMYFUNCTION("""COMPUTED_VALUE"""),"") | I32: =IFERROR(__xludf.DUMMYFUNCTION("""COMPUTED_VALUE"""),"Maliyet/desi/komisyon tamamla") -> Maliyet/desi/komisyon tamamla
A33: =IFERROR(__xludf.DUMMYFUNCTION("""COMPUTED_VALUE"""),8.4013469599E11) -> 840134695990 | B33: =IFERROR(__xludf.DUMMYFUNCTION("""COMPUTED_VALUE"""),"BARK") -> BARK | C33: =IFERROR(__xludf.DUMMYFUNCTION("""COMPUTED_VALUE"""),"Acornucopia Çiğneme Köpek Oyuncağı") -> Acornucopia Çiğneme Köpek Oyuncağı | D33: =IFERROR(__xludf.DUMMYFUNCTION("""COMPUTED_VALUE"""),1583.01) -> 1583.01 | E33: =IFERROR(__xludf.DUMMYFUNCTION("""COMPUTED_VALUE"""),"") | F33: =IFERROR(__xludf.DUMMYFUNCTION("""COMPUTED_VALUE"""),1.0) -> 1 | G33: =IFERROR(__xludf.DUMMYFUNCTION("""COMPUTED_VALUE"""),"Maliyet eksik") -> Maliyet eksik | H33: =IFERROR(__xludf.DUMMYFUNCTION("""COMPUTED_VALUE"""),"") | I33: =IFERROR(__xludf.DUMMYFUNCTION("""COMPUTED_VALUE"""),"Maliyet/desi/komisyon tamamla") -> Maliyet/desi/komisyon tamamla
A34: =IFERROR(__xludf.DUMMYFUNCTION("""COMPUTED_VALUE"""),8.40134696355E11) -> 840134696355 | B34: =IFERROR(__xludf.DUMMYFUNCTION("""COMPUTED_VALUE"""),"BARK") -> BARK | C34: =IFERROR(__xludf.DUMMYFUNCTION("""COMPUTED_VALUE"""),"Turnt Turp Köpek Oyuncağı") -> Turnt Turp Köpek Oyuncağı | D34: =IFERROR(__xludf.DUMMYFUNCTION("""COMPUTED_VALUE"""),1999.0) -> 1999 | E34: =IFERROR(__xludf.DUMMYFUNCTION("""COMPUTED_VALUE"""),"") | F34: =IFERROR(__xludf.DUMMYFUNCTION("""COMPUTED_VALUE"""),1.0) -> 1 | G34: =IFERROR(__xludf.DUMMYFUNCTION("""COMPUTED_VALUE"""),"Maliyet eksik") -> Maliyet eksik | H34: =IFERROR(__xludf.DUMMYFUNCTION("""COMPUTED_VALUE"""),"") | I34: =IFERROR(__xludf.DUMMYFUNCTION("""COMPUTED_VALUE"""),"Maliyet/desi/komisyon tamamla") -> Maliyet/desi/komisyon tamamla
A35: =IFERROR(__xludf.DUMMYFUNCTION("""COMPUTED_VALUE"""),8.40134696461E11) -> 840134696461 | B35: =IFERROR(__xludf.DUMMYFUNCTION("""COMPUTED_VALUE"""),"BARK") -> BARK | C35: =IFERROR(__xludf.DUMMYFUNCTION("""COMPUTED_VALUE"""),"Fetch Dal Köpek Oyuncağı") -> Fetch Dal Köpek Oyuncağı | D35: =IFERROR(__xludf.DUMMYFUNCTION("""COMPUTED_VALUE"""),1484.01) -> 1484.01 | E35: =IFERROR(__xludf.DUMMYFUNCTION("""COMPUTED_VALUE"""),"") | F35: =IFERROR(__xludf.DUMMYFUNCTION("""COMPUTED_VALUE"""),1.0) -> 1 | G35: =IFERROR(__xludf.DUMMYFUNCTION("""COMPUTED_VALUE"""),"Maliyet eksik") -> Maliyet eksik | H35: =IFERROR(__xludf.DUMMYFUNCTION("""COMPUTED_VALUE"""),"") | I35: =IFERROR(__xludf.DUMMYFUNCTION("""COMPUTED_VALUE"""),"Maliyet/desi/komisyon tamamla") -> Maliyet/desi/komisyon tamamla
A36: =IFERROR(__xludf.DUMMYFUNCTION("""COMPUTED_VALUE"""),8.40134696485E11) -> 840134696485 | B36: =IFERROR(__xludf.DUMMYFUNCTION("""COMPUTED_VALUE"""),"BARK") -> BARK | C36: =IFERROR(__xludf.DUMMYFUNCTION("""COMPUTED_VALUE"""),"Beaver Kunduz Köpek Oyuncağı") -> Beaver Kunduz Köpek Oyuncağı | D36: =IFERROR(__xludf.DUMMYFUNCTION("""COMPUTED_VALUE"""),1557.27) -> 1557.27 | E36: =IFERROR(__xludf.DUMMYFUNCTION("""COMPUTED_VALUE"""),"") | F36: =IFERROR(__xludf.DUMMYFUNCTION("""COMPUTED_VALUE"""),1.0) -> 1 | G36: =IFERROR(__xludf.DUMMYFUNCTION("""COMPUTED_VALUE"""),"Maliyet eksik") -> Maliyet eksik | H36: =IFERROR(__xludf.DUMMYFUNCTION("""COMPUTED_VALUE"""),"") | I36: =IFERROR(__xludf.DUMMYFUNCTION("""COMPUTED_VALUE"""),"Maliyet/desi/komisyon tamamla") -> Maliyet/desi/komisyon tamamla
A37: =IFERROR(__xludf.DUMMYFUNCTION("""COMPUTED_VALUE"""),5.060255492192E12) -> 5060255492192 | B37: =IFERROR(__xludf.DUMMYFUNCTION("""COMPUTED_VALUE"""),"Ever Clean") -> Ever Clean | C37: =IFERROR(__xludf.DUMMYFUNCTION("""COMPUTED_VALUE"""),"Less Pass(PATİLERE YAPIŞMAYAN) Kedi Kumu 10 Lt") -> Less Pass(PATİLERE YAPIŞMAYAN) Kedi Kumu 10 Lt | D37: =IFERROR(__xludf.DUMMYFUNCTION("""COMPUTED_VALUE"""),1000.0) -> 1000 | E37: =IFERROR(__xludf.DUMMYFUNCTION("""COMPUTED_VALUE"""),"") | F37: =IFERROR(__xludf.DUMMYFUNCTION("""COMPUTED_VALUE"""),2.0) -> 2 | G37: =IFERROR(__xludf.DUMMYFUNCTION("""COMPUTED_VALUE"""),"Maliyet eksik") -> Maliyet eksik | H37: =IFERROR(__xludf.DUMMYFUNCTION("""COMPUTED_VALUE"""),"") | I37: =IFERROR(__xludf.DUMMYFUNCTION("""COMPUTED_VALUE"""),"Maliyet/desi/komisyon tamamla") -> Maliyet/desi/komisyon tamamla
A38: =IFERROR(__xludf.DUMMYFUNCTION("""COMPUTED_VALUE"""),5.060255492253E12) -> 5060255492253 | B38: =IFERROR(__xludf.DUMMYFUNCTION("""COMPUTED_VALUE"""),"Ever Clean") -> Ever Clean | C38: =IFERROR(__xludf.DUMMYFUNCTION("""COMPUTED_VALUE"""),"Multiple Cat Kedi Kumu 10 Lt") -> Multiple Cat Kedi Kumu 10 Lt | D38: =IFERROR(__xludf.DUMMYFUNCTION("""COMPUTED_VALUE"""),1124.1) -> 1124.1 | E38: =IFERROR(__xludf.DUMMYFUNCTION("""COMPUTED_VALUE"""),"") | F38: =IFERROR(__xludf.DUMMYFUNCTION("""COMPUTED_VALUE"""),2.0) -> 2 | G38: =IFERROR(__xludf.DUMMYFUNCTION("""COMPUTED_VALUE"""),"Maliyet eksik") -> Maliyet eksik | H38: =IFERROR(__xludf.DUMMYFUNCTION("""COMPUTED_VALUE"""),"") | I38: =IFERROR(__xludf.DUMMYFUNCTION("""COMPUTED_VALUE"""),"Maliyet/desi/komisyon tamamla") -> Maliyet/desi/komisyon tamamla
A39: =IFERROR(__xludf.DUMMYFUNCTION("""COMPUTED_VALUE"""),5.060255492291E12) -> 5060255492291 | B39: =IFERROR(__xludf.DUMMYFUNCTION("""COMPUTED_VALUE"""),"Ever Clean") -> Ever Clean | C39: =IFERROR(__xludf.DUMMYFUNCTION("""COMPUTED_VALUE"""),"Lavender Lavanta Kokulu Ince Taneli Topaklaşan Kedi Kumu 10 L") -> Lavender Lavanta Kokulu Ince Taneli Topaklaşan Kedi Kumu 10 L | D39: =IFERROR(__xludf.DUMMYFUNCTION("""COMPUTED_VALUE"""),1048.5) -> 1048.5 | E39: =IFERROR(__xludf.DUMMYFUNCTION("""COMPUTED_VALUE"""),"") | F39: =IFERROR(__xludf.DUMMYFUNCTION("""COMPUTED_VALUE"""),2.0) -> 2 | G39: =IFERROR(__xludf.DUMMYFUNCTION("""COMPUTED_VALUE"""),"Maliyet eksik") -> Maliyet eksik | H39: =IFERROR(__xludf.DUMMYFUNCTION("""COMPUTED_VALUE"""),"") | I39: =IFERROR(__xludf.DUMMYFUNCTION("""COMPUTED_VALUE"""),"Maliyet/desi/komisyon tamamla") -> Maliyet/desi/komisyon tamamla
A40: =IFERROR(__xludf.DUMMYFUNCTION("""COMPUTED_VALUE"""),5.060412212489E12) -> 5060412212489 | B40: =IFERROR(__xludf.DUMMYFUNCTION("""COMPUTED_VALUE"""),"Ever Clean") -> Ever Clean | C40: =IFERROR(__xludf.DUMMYFUNCTION("""COMPUTED_VALUE"""),"Fast Acting 10 lt.") -> Fast Acting 10 lt. | D40: =IFERROR(__xludf.DUMMYFUNCTION("""COMPUTED_VALUE"""),1169.1) -> 1169.1 | E40: =IFERROR(__xludf.DUMMYFUNCTION("""COMPUTED_VALUE"""),"") | F40: =IFERROR(__xludf.DUMMYFUNCTION("""COMPUTED_VALUE"""),2.0) -> 2 | G40: =IFERROR(__xludf.DUMMYFUNCTION("""COMPUTED_VALUE"""),"Maliyet eksik") -> Maliyet eksik | H40: =IFERROR(__xludf.DUMMYFUNCTION("""COMPUTED_VALUE"""),"") | I40: =IFERROR(__xludf.DUMMYFUNCTION("""COMPUTED_VALUE"""),"Maliyet/desi/komisyon tamamla") -> Maliyet/desi/komisyon tamamla
A41: =IFERROR(__xludf.DUMMYFUNCTION("""COMPUTED_VALUE"""),5.060412214117E12) -> 5060412214117 | B41: =IFERROR(__xludf.DUMMYFUNCTION("""COMPUTED_VALUE"""),"Ever Clean") -> Ever Clean | C41: =IFERROR(__xludf.DUMMYFUNCTION("""COMPUTED_VALUE"""),"LitterFree Paws 10 Lt") -> LitterFree Paws 10 Lt | D41: =IFERROR(__xludf.DUMMYFUNCTION("""COMPUTED_VALUE"""),1047.6) -> 1047.6 | E41: =IFERROR(__xludf.DUMMYFUNCTION("""COMPUTED_VALUE"""),"") | F41: =IFERROR(__xludf.DUMMYFUNCTION("""COMPUTED_VALUE"""),2.0) -> 2 | G41: =IFERROR(__xludf.DUMMYFUNCTION("""COMPUTED_VALUE"""),"Maliyet eksik") -> Maliyet eksik | H41: =IFERROR(__xludf.DUMMYFUNCTION("""COMPUTED_VALUE"""),"") | I41: =IFERROR(__xludf.DUMMYFUNCTION("""COMPUTED_VALUE"""),"Maliyet/desi/komisyon tamamla") -> Maliyet/desi/komisyon tamamla
A42: =IFERROR(__xludf.DUMMYFUNCTION("""COMPUTED_VALUE"""),8.005852171054E12) -> 8005852171054 | B42: =IFERROR(__xludf.DUMMYFUNCTION("""COMPUTED_VALUE"""),"Schesir") -> Schesir | C42: =IFERROR(__xludf.DUMMYFUNCTION("""COMPUTED_VALUE"""),"Jelly Ton Balıklı ve Levrekli Pouch Kedi Konservesi 85 Gr") -> Jelly Ton Balıklı ve Levrekli Pouch Kedi Konservesi 85 Gr | D42: =IFERROR(__xludf.DUMMYFUNCTION("""COMPUTED_VALUE"""),259.0) -> 259 | E42: =IFERROR(__xludf.DUMMYFUNCTION("""COMPUTED_VALUE"""),"") | F42: =IFERROR(__xludf.DUMMYFUNCTION("""COMPUTED_VALUE"""),3.0) -> 3 | G42: =IFERROR(__xludf.DUMMYFUNCTION("""COMPUTED_VALUE"""),"Maliyet eksik") -> Maliyet eksik | H42: =IFERROR(__xludf.DUMMYFUNCTION("""COMPUTED_VALUE"""),"") | I42: =IFERROR(__xludf.DUMMYFUNCTION("""COMPUTED_VALUE"""),"Maliyet/desi/komisyon tamamla") -> Maliyet/desi/komisyon tamamla
A43: =IFERROR(__xludf.DUMMYFUNCTION("""COMPUTED_VALUE"""),8.005852171108E12) -> 8005852171108 | B43: =IFERROR(__xludf.DUMMYFUNCTION("""COMPUTED_VALUE"""),"Schesir") -> Schesir | C43: =IFERROR(__xludf.DUMMYFUNCTION("""COMPUTED_VALUE"""),"Jelly Ton Balıklı Tavuk Ve Karidesli Kedi Yaş Maması 85gr Skt:09/2024") -> Jelly Ton Balıklı Tavuk Ve Karidesli Kedi Yaş Maması 85gr Skt:09/2024 | D43: =IFERROR(__xludf.DUMMYFUNCTION("""COMPUTED_VALUE"""),175.0) -> 175 | E43: =IFERROR(__xludf.DUMMYFUNCTION("""COMPUTED_VALUE"""),"") | F43: =IFERROR(__xludf.DUMMYFUNCTION("""COMPUTED_VALUE"""),3.0) -> 3 | G43: =IFERROR(__xludf.DUMMYFUNCTION("""COMPUTED_VALUE"""),"Maliyet eksik") -> Maliyet eksik | H43: =IFERROR(__xludf.DUMMYFUNCTION("""COMPUTED_VALUE"""),"") | I43: =IFERROR(__xludf.DUMMYFUNCTION("""COMPUTED_VALUE"""),"Maliyet/desi/komisyon tamamla") -> Maliyet/desi/komisyon tamamla
A44: =IFERROR(__xludf.DUMMYFUNCTION("""COMPUTED_VALUE"""),8.005852171115E12) -> 8005852171115 | B44: =IFERROR(__xludf.DUMMYFUNCTION("""COMPUTED_VALUE"""),"Schesir") -> Schesir | C44: =IFERROR(__xludf.DUMMYFUNCTION("""COMPUTED_VALUE"""),"Pouch Gravy Tavuklu Kıyılmış Kedi Yaş Maması 85 Gr") -> Pouch Gravy Tavuklu Kıyılmış Kedi Yaş Maması 85 Gr | D44: =IFERROR(__xludf.DUMMYFUNCTION("""COMPUTED_VALUE"""),138.18) -> 138.18 | E44: =IFERROR(__xludf.DUMMYFUNCTION("""COMPUTED_VALUE"""),"") | F44: =IFERROR(__xludf.DUMMYFUNCTION("""COMPUTED_VALUE"""),3.0) -> 3 | G44: =IFERROR(__xludf.DUMMYFUNCTION("""COMPUTED_VALUE"""),"Maliyet eksik") -> Maliyet eksik | H44: =IFERROR(__xludf.DUMMYFUNCTION("""COMPUTED_VALUE"""),"") | I44: =IFERROR(__xludf.DUMMYFUNCTION("""COMPUTED_VALUE"""),"Maliyet/desi/komisyon tamamla") -> Maliyet/desi/komisyon tamamla
A45: =IFERROR(__xludf.DUMMYFUNCTION("""COMPUTED_VALUE"""),8.681002995178E12) -> 8681002995178 | B45: =IFERROR(__xludf.DUMMYFUNCTION("""COMPUTED_VALUE"""),"Whiskas") -> Whiskas | C45: =IFERROR(__xludf.DUMMYFUNCTION("""COMPUTED_VALUE"""),"Tavuklu Konserve Kedi Maması 400 gr 24x") -> Tavuklu Konserve Kedi Maması 400 gr 24x | D45: =IFERROR(__xludf.DUMMYFUNCTION("""COMPUTED_VALUE"""),2065.0) -> 2065 | E45: =IFERROR(__xludf.DUMMYFUNCTION("""COMPUTED_VALUE"""),"") | F45: =IFERROR(__xludf.DUMMYFUNCTION("""COMPUTED_VALUE"""),3.0) -> 3 | G45: =IFERROR(__xludf.DUMMYFUNCTION("""COMPUTED_VALUE"""),"Maliyet eksik") -> Maliyet eksik | H45: =IFERROR(__xludf.DUMMYFUNCTION("""COMPUTED_VALUE"""),"") | I45: =IFERROR(__xludf.DUMMYFUNCTION("""COMPUTED_VALUE"""),"Maliyet/desi/komisyon tamamla") -> Maliyet/desi/komisyon tamamla
A46: =IFERROR(__xludf.DUMMYFUNCTION("""COMPUTED_VALUE"""),"AK73LD91") -> AK73LD91 | B46: =IFERROR(__xludf.DUMMYFUNCTION("""COMPUTED_VALUE"""),"Ever Clean") -> Ever Clean | C46: =IFERROR(__xludf.DUMMYFUNCTION("""COMPUTED_VALUE"""),"Less Trail (patilere Yapışmayan) Kedi Kumu 10 Lt X 2 Adet") -> Less Trail (patilere Yapışmayan) Kedi Kumu 10 Lt X 2 Adet | D46: =IFERROR(__xludf.DUMMYFUNCTION("""COMPUTED_VALUE"""),2119.5) -> 2119.5 | E46: =IFERROR(__xludf.DUMMYFUNCTION("""COMPUTED_VALUE"""),"") | F46: =IFERROR(__xludf.DUMMYFUNCTION("""COMPUTED_VALUE"""),2.0) -> 2 | G46: =IFERROR(__xludf.DUMMYFUNCTION("""COMPUTED_VALUE"""),"Maliyet eksik") -> Maliyet eksik | H46: =IFERROR(__xludf.DUMMYFUNCTION("""COMPUTED_VALUE"""),"") | I46: =IFERROR(__xludf.DUMMYFUNCTION("""COMPUTED_VALUE"""),"Maliyet/desi/komisyon tamamla") -> Maliyet/desi/komisyon tamamla
A47: =IFERROR(__xludf.DUMMYFUNCTION("""COMPUTED_VALUE"""),"TYBUAJE2I9OWF7YM95") -> TYBUAJE2I9OWF7YM95 | B47: =IFERROR(__xludf.DUMMYFUNCTION("""COMPUTED_VALUE"""),"Ever Clean") -> Ever Clean | C47: =IFERROR(__xludf.DUMMYFUNCTION("""COMPUTED_VALUE"""),"Litter Free Paws Patilere Yapışmayan Kedi Kumu 2 X 10 L") -> Litter Free Paws Patilere Yapışmayan Kedi Kumu 2 X 10 L | D47: =IFERROR(__xludf.DUMMYFUNCTION("""COMPUTED_VALUE"""),2016.0) -> 2016 | E47: =IFERROR(__xludf.DUMMYFUNCTION("""COMPUTED_VALUE"""),"") | F47: =IFERROR(__xludf.DUMMYFUNCTION("""COMPUTED_VALUE"""),2.0) -> 2 | G47: =IFERROR(__xludf.DUMMYFUNCTION("""COMPUTED_VALUE"""),"Maliyet eksik") -> Maliyet eksik | H47: =IFERROR(__xludf.DUMMYFUNCTION("""COMPUTED_VALUE"""),"") | I47: =IFERROR(__xludf.DUMMYFUNCTION("""COMPUTED_VALUE"""),"Maliyet/desi/komisyon tamamla") -> Maliyet/desi/komisyon tamamla
A53: Riskli / Düşük Kâr Ürünler
A54: Barkod | B54: Marka | C54: Ürün Adı | D54: BuyBox Fiyatı | E54: Net Kâr / Zarar | F54: Kâr Oranı % | G54: Risk | H54: Aksiyon
A55: =IFERROR(__xludf.DUMMYFUNCTION("SORTN(FILTER({'BuyBox Karlilik'!A2:D300,'BuyBox Karlilik'!K2:L300,'BuyBox Karlilik'!T2:U300},('BuyBox Karlilik'!T2:T300=""RİSKLİ"")+('BuyBox Karlilik'!T2:T300=""DÜŞÜK KÂR"")),25,0,6,TRUE)"),"TYBJUIMGWO45LKI893") -> TYBJUIMGWO45LKI893 | B55: =IFERROR(__xludf.DUMMYFUNCTION("""COMPUTED_VALUE"""),"Wanpy") -> Wanpy | C55: =IFERROR(__xludf.DUMMYFUNCTION("""COMPUTED_VALUE"""),"Tasty Meat Paste Taze Sıvı Kedi Ödül Maması Kedi Ödül Maması 4x90gr") -> Tasty Meat Paste Taze Sıvı Kedi Ödül Maması Kedi Ödül Maması 4x90gr | D55: =IFERROR(__xludf.DUMMYFUNCTION("""COMPUTED_VALUE"""),256.2) -> 256.2 | E55: =IFERROR(__xludf.DUMMYFUNCTION("""COMPUTED_VALUE"""),0.01916666666663991) -> 0.019166667 | F55: =IFERROR(__xludf.DUMMYFUNCTION("""COMPUTED_VALUE"""),7.481134530304415E-5) -> 7.4811345e-05 | G55: =IFERROR(__xludf.DUMMYFUNCTION("""COMPUTED_VALUE"""),"RİSKLİ") -> RİSKLİ | H55: =IFERROR(__xludf.DUMMYFUNCTION("""COMPUTED_VALUE"""),"Minimum fiyat altına düşme") -> Minimum fiyat altına düşme
A56: =IFERROR(__xludf.DUMMYFUNCTION("""COMPUTED_VALUE"""),"TYB9771GESJQWCAB60") -> TYB9771GESJQWCAB60 | B56: =IFERROR(__xludf.DUMMYFUNCTION("""COMPUTED_VALUE"""),"Gourmet") -> Gourmet | C56: =IFERROR(__xludf.DUMMYFUNCTION("""COMPUTED_VALUE"""),"Karışık Kıyılmış Konserve Yetişkin Kedi Yaş Maması 24 X 85 gr") -> Karışık Kıyılmış Konserve Yetişkin Kedi Yaş Maması 24 X 85 gr | D56: =IFERROR(__xludf.DUMMYFUNCTION("""COMPUTED_VALUE"""),736.0) -> 736 | E56: =IFERROR(__xludf.DUMMYFUNCTION("""COMPUTED_VALUE"""),0.394999999999988) -> 0.395 | F56: =IFERROR(__xludf.DUMMYFUNCTION("""COMPUTED_VALUE"""),5.366847826086794E-4) -> 0.00053668478 | G56: =IFERROR(__xludf.DUMMYFUNCTION("""COMPUTED_VALUE"""),"RİSKLİ") -> RİSKLİ | H56: =IFERROR(__xludf.DUMMYFUNCTION("""COMPUTED_VALUE"""),"Minimum fiyat altına düşme") -> Minimum fiyat altına düşme
A57: =IFERROR(__xludf.DUMMYFUNCTION("""COMPUTED_VALUE"""),8.010276035097E12) -> 8010276035097 | B57: =IFERROR(__xludf.DUMMYFUNCTION("""COMPUTED_VALUE"""),"N&D") -> N&D | C57: =IFERROR(__xludf.DUMMYFUNCTION("""COMPUTED_VALUE"""),"A.grain Düşük Tahıllı Kuzulu Ve Yaban Mersinli Mini Irk Yetişkin Köpek Kuru Maması 7 Kg") -> A.grain Düşük Tahıllı Kuzulu Ve Yaban Mersinli Mini Irk Yetişkin Köpek Kuru Maması 7 Kg | D57: =IFERROR(__xludf.DUMMYFUNCTION("""COMPUTED_VALUE"""),2690.0) -> 2690 | E57: =IFERROR(__xludf.DUMMYFUNCTION("""COMPUTED_VALUE"""),2.7666666666667883) -> 2.7666667 | F57: =IFERROR(__xludf.DUMMYFUNCTION("""COMPUTED_VALUE"""),0.0010285006195787318) -> 0.0010285006 | G57: =IFERROR(__xludf.DUMMYFUNCTION("""COMPUTED_VALUE"""),"RİSKLİ") -> RİSKLİ | H57: =IFERROR(__xludf.DUMMYFUNCTION("""COMPUTED_VALUE"""),"Minimum fiyat altına düşme") -> Minimum fiyat altına düşme
A58: =IFERROR(__xludf.DUMMYFUNCTION("""COMPUTED_VALUE"""),"TYBVYCTB5P95JXTS98") -> TYBVYCTB5P95JXTS98 | B58: =IFERROR(__xludf.DUMMYFUNCTION("""COMPUTED_VALUE"""),"FELIX") -> FELIX | C58: =IFERROR(__xludf.DUMMYFUNCTION("""COMPUTED_VALUE"""),"Yavru Sığıretli Yaş Kedi Maması 26 Adet X 85 Gr. ( Yeni Paket)") -> Yavru Sığıretli Yaş Kedi Maması 26 Adet X 85 Gr. ( Yeni Paket) | D58: =IFERROR(__xludf.DUMMYFUNCTION("""COMPUTED_VALUE"""),578.99) -> 578.99 | E58: =IFERROR(__xludf.DUMMYFUNCTION("""COMPUTED_VALUE"""),1.5387083333333251) -> 1.5387083 | F58: =IFERROR(__xludf.DUMMYFUNCTION("""COMPUTED_VALUE"""),0.0026575732453640393) -> 0.0026575732 | G58: =IFERROR(__xludf.DUMMYFUNCTION("""COMPUTED_VALUE"""),"RİSKLİ") -> RİSKLİ | H58: =IFERROR(__xludf.DUMMYFUNCTION("""COMPUTED_VALUE"""),"Minimum fiyat altına düşme") -> Minimum fiyat altına düşme
A59: =IFERROR(__xludf.DUMMYFUNCTION("""COMPUTED_VALUE"""),"TYBL1W9TPK3NCREP31") -> TYBL1W9TPK3NCREP31 | B59: =IFERROR(__xludf.DUMMYFUNCTION("""COMPUTED_VALUE"""),"Royal Canin") -> Royal Canin | C59: =IFERROR(__xludf.DUMMYFUNCTION("""COMPUTED_VALUE"""),"Babycat Instinctive Yavru ve Anne Kediler Için Konserve 195 gr x 12 Adet") -> Babycat Instinctive Yavru ve Anne Kediler Için Konserve 195 gr x 12 Adet | D59: =IFERROR(__xludf.DUMMYFUNCTION("""COMPUTED_VALUE"""),1630.0) -> 1630 | E59: =IFERROR(__xludf.DUMMYFUNCTION("""COMPUTED_VALUE"""),4.800000000000056) -> 4.8 | F59: =IFERROR(__xludf.DUMMYFUNCTION("""COMPUTED_VALUE"""),0.002944785276073654) -> 0.0029447853 | G59: =IFERROR(__xludf.DUMMYFUNCTION("""COMPUTED_VALUE"""),"RİSKLİ") -> RİSKLİ | H59: =IFERROR(__xludf.DUMMYFUNCTION("""COMPUTED_VALUE"""),"Minimum fiyat altına düşme") -> Minimum fiyat altına düşme
A60: =IFERROR(__xludf.DUMMYFUNCTION("""COMPUTED_VALUE"""),5.2742059617E10) -> 52742059617 | B60: =IFERROR(__xludf.DUMMYFUNCTION("""COMPUTED_VALUE"""),"Hill's") -> Hill's | C60: =IFERROR(__xludf.DUMMYFUNCTION("""COMPUTED_VALUE"""),"Hills Adult Optimal Care Tavuklu Yetişkin Kedi Maması 1.5 Kg") -> Hills Adult Optimal Care Tavuklu Yetişkin Kedi Maması 1.5 Kg | D60: =IFERROR(__xludf.DUMMYFUNCTION("""COMPUTED_VALUE"""),1059.0) -> 1059 | E60: =IFERROR(__xludf.DUMMYFUNCTION("""COMPUTED_VALUE"""),6.537499999999962) -> 6.5375 | F60: =IFERROR(__xludf.DUMMYFUNCTION("""COMPUTED_VALUE"""),0.006173276676109502) -> 0.0061732767 | G60: =IFERROR(__xludf.DUMMYFUNCTION("""COMPUTED_VALUE"""),"RİSKLİ") -> RİSKLİ | H60: =IFERROR(__xludf.DUMMYFUNCTION("""COMPUTED_VALUE"""),"Minimum fiyat altına düşme") -> Minimum fiyat altına düşme
A61: =IFERROR(__xludf.DUMMYFUNCTION("""COMPUTED_VALUE"""),"TYBBL117UNTJIWDS99") -> TYBBL117UNTJIWDS99 | B61: =IFERROR(__xludf.DUMMYFUNCTION("""COMPUTED_VALUE"""),"Pro Plan") -> Pro Plan | C61: =IFERROR(__xludf.DUMMYFUNCTION("""COMPUTED_VALUE"""),"Proplan kısır somonlu 4 kg (400gr x10 ).") -> Proplan kısır somonlu 4 kg (400gr x10 ). | D61: =IFERROR(__xludf.DUMMYFUNCTION("""COMPUTED_VALUE"""),1750.0) -> 1750 | E61: =IFERROR(__xludf.DUMMYFUNCTION("""COMPUTED_VALUE"""),11.508333333333484) -> 11.508333 | F61: =IFERROR(__xludf.DUMMYFUNCTION("""COMPUTED_VALUE"""),0.006576190476190562) -> 0.0065761905 | G61: =IFERROR(__xludf.DUMMYFUNCTION("""COMPUTED_VALUE"""),"RİSKLİ") -> RİSKLİ | H61: =IFERROR(__xludf.DUMMYFUNCTION("""COMPUTED_VALUE"""),"Minimum fiyat altına düşme") -> Minimum fiyat altına düşme
A62: =IFERROR(__xludf.DUMMYFUNCTION("""COMPUTED_VALUE"""),2.9695470912E10) -> 29695470912 | B62: =IFERROR(__xludf.DUMMYFUNCTION("""COMPUTED_VALUE"""),"Chuckit") -> Chuckit | C62: =IFERROR(__xludf.DUMMYFUNCTION("""COMPUTED_VALUE"""),"! Ultra Squeaker Sesli Köpek Oyun Halkası") -> ! Ultra Squeaker Sesli Köpek Oyun Halkası | D62: =IFERROR(__xludf.DUMMYFUNCTION("""COMPUTED_VALUE"""),428.0) -> 428 | E62: =IFERROR(__xludf.DUMMYFUNCTION("""COMPUTED_VALUE"""),3.774999999999981) -> 3.775 | F62: =IFERROR(__xludf.DUMMYFUNCTION("""COMPUTED_VALUE"""),0.00882009345794388) -> 0.0088200935 | G62: =IFERROR(__xludf.DUMMYFUNCTION("""COMPUTED_VALUE"""),"RİSKLİ") -> RİSKLİ | H62: =IFERROR(__xludf.DUMMYFUNCTION("""COMPUTED_VALUE"""),"Minimum fiyat altına düşme") -> Minimum fiyat altına düşme
A63: =IFERROR(__xludf.DUMMYFUNCTION("""COMPUTED_VALUE"""),5.412087000395E12) -> 5412087000395 | B63: =IFERROR(__xludf.DUMMYFUNCTION("""COMPUTED_VALUE"""),"Moderna") -> Moderna | C63: =IFERROR(__xludf.DUMMYFUNCTION("""COMPUTED_VALUE"""),"Smart Su Kabı 1.5 lt Sarı") -> Smart Su Kabı 1.5 lt Sarı | D63: =IFERROR(__xludf.DUMMYFUNCTION("""COMPUTED_VALUE"""),450.0) -> 450 | E63: =IFERROR(__xludf.DUMMYFUNCTION("""COMPUTED_VALUE"""),4.32500000000001) -> 4.325 | F63: =IFERROR(__xludf.DUMMYFUNCTION("""COMPUTED_VALUE"""),0.009611111111111133) -> 0.0096111111 | G63: =IFERROR(__xludf.DUMMYFUNCTION("""COMPUTED_VALUE"""),"RİSKLİ") -> RİSKLİ | H63: =IFERROR(__xludf.DUMMYFUNCTION("""COMPUTED_VALUE"""),"Minimum fiyat altına düşme") -> Minimum fiyat altına düşme
A64: =IFERROR(__xludf.DUMMYFUNCTION("""COMPUTED_VALUE"""),1.44586800733348E15) -> 1.44587e+15 | B64: =IFERROR(__xludf.DUMMYFUNCTION("""COMPUTED_VALUE"""),"Wanpy") -> Wanpy | C64: =IFERROR(__xludf.DUMMYFUNCTION("""COMPUTED_VALUE"""),"Kedi Sıvı Ödül Karma 25 Li X 4 Lü Eko Paket") -> Kedi Sıvı Ödül Karma 25 Li X 4 Lü Eko Paket | D64: =IFERROR(__xludf.DUMMYFUNCTION("""COMPUTED_VALUE"""),1032.9) -> 1032.9 | E64: =IFERROR(__xludf.DUMMYFUNCTION("""COMPUTED_VALUE"""),13.443083333333485) -> 13.443083 | F64: =IFERROR(__xludf.DUMMYFUNCTION("""COMPUTED_VALUE"""),0.013014893342369526) -> 0.013014893 | G64: =IFERROR(__xludf.DUMMYFUNCTION("""COMPUTED_VALUE"""),"RİSKLİ") -> RİSKLİ | H64: =IFERROR(__xludf.DUMMYFUNCTION("""COMPUTED_VALUE"""),"Minimum fiyat altına düşme") -> Minimum fiyat altına düşme
A65: =IFERROR(__xludf.DUMMYFUNCTION("""COMPUTED_VALUE"""),7.613032816536E12) -> 7613032816536 | B65: =IFERROR(__xludf.DUMMYFUNCTION("""COMPUTED_VALUE"""),"Gourmet") -> Gourmet | C65: =IFERROR(__xludf.DUMMYFUNCTION("""COMPUTED_VALUE"""),"Purina Gourmet Gold Karışık Kedi Konservesi 85 gr X 24 Adet") -> Purina Gourmet Gold Karışık Kedi Konservesi 85 gr X 24 Adet | D65: =IFERROR(__xludf.DUMMYFUNCTION("""COMPUTED_VALUE"""),746.27) -> 746.27 | E65: =IFERROR(__xludf.DUMMYFUNCTION("""COMPUTED_VALUE"""),12.034249999999943) -> 12.03425 | F65: =IFERROR(__xludf.DUMMYFUNCTION("""COMPUTED_VALUE"""),0.01612586597344117) -> 0.016125866 | G65: =IFERROR(__xludf.DUMMYFUNCTION("""COMPUTED_VALUE"""),"RİSKLİ") -> RİSKLİ | H65: =IFERROR(__xludf.DUMMYFUNCTION("""COMPUTED_VALUE"""),"Minimum fiyat altına düşme") -> Minimum fiyat altına düşme
A66: =IFERROR(__xludf.DUMMYFUNCTION("""COMPUTED_VALUE"""),"TYBJ6BLX4VD87YGF30") -> TYBJ6BLX4VD87YGF30 | B66: =IFERROR(__xludf.DUMMYFUNCTION("""COMPUTED_VALUE"""),"FELIX") -> FELIX | C66: =IFERROR(__xludf.DUMMYFUNCTION("""COMPUTED_VALUE"""),"Felix Sığır Etli Kedi Avantajlı Paket (4x85) Gr") -> Felix Sığır Etli Kedi Avantajlı Paket (4x85) Gr | D66: =IFERROR(__xludf.DUMMYFUNCTION("""COMPUTED_VALUE"""),550.0) -> 550 | E66: =IFERROR(__xludf.DUMMYFUNCTION("""COMPUTED_VALUE"""),8.883333333333386) -> 8.8833333 | F66: =IFERROR(__xludf.DUMMYFUNCTION("""COMPUTED_VALUE"""),0.016151515151515246) -> 0.016151515 | G66: =IFERROR(__xludf.DUMMYFUNCTION("""COMPUTED_VALUE"""),"RİSKLİ") -> RİSKLİ | H66: =IFERROR(__xludf.DUMMYFUNCTION("""COMPUTED_VALUE"""),"Minimum fiyat altına düşme") -> Minimum fiyat altına düşme
A67: =IFERROR(__xludf.DUMMYFUNCTION("""COMPUTED_VALUE"""),8.46799273637E11) -> 846799273637 | B67: =IFERROR(__xludf.DUMMYFUNCTION("""COMPUTED_VALUE"""),"FELIX") -> FELIX | C67: =IFERROR(__xludf.DUMMYFUNCTION("""COMPUTED_VALUE"""),"Karışık Kedi Yaş Mama 28 Paket") -> Karışık Kedi Yaş Mama 28 Paket | D67: =IFERROR(__xludf.DUMMYFUNCTION("""COMPUTED_VALUE"""),645.0) -> 645 | E67: =IFERROR(__xludf.DUMMYFUNCTION("""COMPUTED_VALUE"""),10.445833333333391) -> 10.445833 | F67: =IFERROR(__xludf.DUMMYFUNCTION("""COMPUTED_VALUE"""),0.016195090439276576) -> 0.01619509 | G67: =IFERROR(__xludf.DUMMYFUNCTION("""COMPUTED_VALUE"""),"RİSKLİ") -> RİSKLİ | H67: =IFERROR(__xludf.DUMMYFUNCTION("""COMPUTED_VALUE"""),"Minimum fiyat altına düşme") -> Minimum fiyat altına düşme
A68: =IFERROR(__xludf.DUMMYFUNCTION("""COMPUTED_VALUE"""),8.010276042149E12) -> 8010276042149 | B68: =IFERROR(__xludf.DUMMYFUNCTION("""COMPUTED_VALUE"""),"N&D") -> N&D | C68: =IFERROR(__xludf.DUMMYFUNCTION("""COMPUTED_VALUE"""),"Tropical Kuzu Etli Kısırlaştırılmış Kedi Maması 10 KG") -> Tropical Kuzu Etli Kısırlaştırılmış Kedi Maması 10 KG | D68: =IFERROR(__xludf.DUMMYFUNCTION("""COMPUTED_VALUE"""),3872.0) -> 3872 | E68: =IFERROR(__xludf.DUMMYFUNCTION("""COMPUTED_VALUE"""),64.5583333333336) -> 64.558333 | F68: =IFERROR(__xludf.DUMMYFUNCTION("""COMPUTED_VALUE"""),0.01667312327823698) -> 0.016673123 | G68: =IFERROR(__xludf.DUMMYFUNCTION("""COMPUTED_VALUE"""),"RİSKLİ") -> RİSKLİ | H68: =IFERROR(__xludf.DUMMYFUNCTION("""COMPUTED_VALUE"""),"Minimum fiyat altına düşme") -> Minimum fiyat altına düşme
A69: =IFERROR(__xludf.DUMMYFUNCTION("""COMPUTED_VALUE"""),8.010276039309E12) -> 8010276039309 | B69: =IFERROR(__xludf.DUMMYFUNCTION("""COMPUTED_VALUE"""),"N&D") -> N&D | C69: =IFERROR(__xludf.DUMMYFUNCTION("""COMPUTED_VALUE"""),"Ocean Somon ve Morina Kavunlu Mini Irk Köpek Maması 2,5 Kg") -> Ocean Somon ve Morina Kavunlu Mini Irk Köpek Maması 2,5 Kg | D69: =IFERROR(__xludf.DUMMYFUNCTION("""COMPUTED_VALUE"""),1828.0) -> 1828 | E69: =IFERROR(__xludf.DUMMYFUNCTION("""COMPUTED_VALUE"""),34.92500000000009) -> 34.925 | F69: =IFERROR(__xludf.DUMMYFUNCTION("""COMPUTED_VALUE"""),0.01910557986870902) -> 0.01910558 | G69: =IFERROR(__xludf.DUMMYFUNCTION("""COMPUTED_VALUE"""),"RİSKLİ") -> RİSKLİ | H69: =IFERROR(__xludf.DUMMYFUNCTION("""COMPUTED_VALUE"""),"Minimum fiyat altına düşme") -> Minimum fiyat altına düşme
A70: =IFERROR(__xludf.DUMMYFUNCTION("""COMPUTED_VALUE"""),"TYPET19") -> TYPET19 | B70: =IFERROR(__xludf.DUMMYFUNCTION("""COMPUTED_VALUE"""),"FELIX") -> FELIX | C70: =IFERROR(__xludf.DUMMYFUNCTION("""COMPUTED_VALUE"""),"Karma Paket Kedi Konserve Maması 28 Adet X 85gr") -> Karma Paket Kedi Konserve Maması 28 Adet X 85gr | D70: =IFERROR(__xludf.DUMMYFUNCTION("""COMPUTED_VALUE"""),630.0) -> 630 | E70: =IFERROR(__xludf.DUMMYFUNCTION("""COMPUTED_VALUE"""),12.883333333333377) -> 12.883333 | F70: =IFERROR(__xludf.DUMMYFUNCTION("""COMPUTED_VALUE"""),0.02044973544973552) -> 0.020449735 | G70: =IFERROR(__xludf.DUMMYFUNCTION("""COMPUTED_VALUE"""),"RİSKLİ") -> RİSKLİ | H70: =IFERROR(__xludf.DUMMYFUNCTION("""COMPUTED_VALUE"""),"Minimum fiyat altına düşme") -> Minimum fiyat altına düşme
A71: =IFERROR(__xludf.DUMMYFUNCTION("""COMPUTED_VALUE"""),7.41245638741E11) -> 741245638741 | B71: =IFERROR(__xludf.DUMMYFUNCTION("""COMPUTED_VALUE"""),"Gourmet") -> Gourmet | C71: =IFERROR(__xludf.DUMMYFUNCTION("""COMPUTED_VALUE"""),"Purina Gold Kıyılmış Sığır Etli Kedi Yaş Maması 85 Gr 12 Adet") -> Purina Gold Kıyılmış Sığır Etli Kedi Yaş Maması 85 Gr 12 Adet | D71: =IFERROR(__xludf.DUMMYFUNCTION("""COMPUTED_VALUE"""),426.25) -> 426.25 | E71: =IFERROR(__xludf.DUMMYFUNCTION("""COMPUTED_VALUE"""),8.882291666666715) -> 8.8822917 | F71: =IFERROR(__xludf.DUMMYFUNCTION("""COMPUTED_VALUE"""),0.020838220918866193) -> 0.020838221 | G71: =IFERROR(__xludf.DUMMYFUNCTION("""COMPUTED_VALUE"""),"RİSKLİ") -> RİSKLİ | H71: =IFERROR(__xludf.DUMMYFUNCTION("""COMPUTED_VALUE"""),"Minimum fiyat altına düşme") -> Minimum fiyat altına düşme
A72: =IFERROR(__xludf.DUMMYFUNCTION("""COMPUTED_VALUE"""),985474.0) -> 985474 | B72: =IFERROR(__xludf.DUMMYFUNCTION("""COMPUTED_VALUE"""),"Pro Plan") -> Pro Plan | C72: =IFERROR(__xludf.DUMMYFUNCTION("""COMPUTED_VALUE"""),"Proplan Sterilised Somon Kısır Kedi Konservesi 85 Gr X 12 Adet Yaş Mama") -> Proplan Sterilised Somon Kısır Kedi Konservesi 85 Gr X 12 Adet Yaş Mama | D72: =IFERROR(__xludf.DUMMYFUNCTION("""COMPUTED_VALUE"""),520.0) -> 520 | E72: =IFERROR(__xludf.DUMMYFUNCTION("""COMPUTED_VALUE"""),11.041666666666668) -> 11.041667 | F72: =IFERROR(__xludf.DUMMYFUNCTION("""COMPUTED_VALUE"""),0.02123397435897436) -> 0.021233974 | G72: =IFERROR(__xludf.DUMMYFUNCTION("""COMPUTED_VALUE"""),"RİSKLİ") -> RİSKLİ | H72: =IFERROR(__xludf.DUMMYFUNCTION("""COMPUTED_VALUE"""),"Minimum fiyat altına düşme") -> Minimum fiyat altına düşme
A73: =IFERROR(__xludf.DUMMYFUNCTION("""COMPUTED_VALUE"""),2.10420241807E11) -> 210420241807 | B73: =IFERROR(__xludf.DUMMYFUNCTION("""COMPUTED_VALUE"""),"N&D") -> N&D | C73: =IFERROR(__xludf.DUMMYFUNCTION("""COMPUTED_VALUE"""),"ND KEDİ MAMASI TROPICAL SELECTİON KISIRLAŞTIRILMIŞ KUZULU 10 KG 1 ADET") -> ND KEDİ MAMASI TROPICAL SELECTİON KISIRLAŞTIRILMIŞ KUZULU 10 KG 1 ADET | D73: =IFERROR(__xludf.DUMMYFUNCTION("""COMPUTED_VALUE"""),3899.0) -> 3899 | E73: =IFERROR(__xludf.DUMMYFUNCTION("""COMPUTED_VALUE"""),83.12083333333362) -> 83.120833 | F73: =IFERROR(__xludf.DUMMYFUNCTION("""COMPUTED_VALUE"""),0.02131850047020611) -> 0.0213185 | G73: =IFERROR(__xludf.DUMMYFUNCTION("""COMPUTED_VALUE"""),"RİSKLİ") -> RİSKLİ | H73: =IFERROR(__xludf.DUMMYFUNCTION("""COMPUTED_VALUE"""),"Minimum fiyat altına düşme") -> Minimum fiyat altına düşme
A74: =IFERROR(__xludf.DUMMYFUNCTION("""COMPUTED_VALUE"""),8.010276021823E12) -> 8010276021823 | B74: =IFERROR(__xludf.DUMMYFUNCTION("""COMPUTED_VALUE"""),"N&D") -> N&D | C74: =IFERROR(__xludf.DUMMYFUNCTION("""COMPUTED_VALUE"""),"Tahılsız Kuzulu&Yabanmersinli Mini Irk Yetişkin Köpek Maması 7 KG") -> Tahılsız Kuzulu&Yabanmersinli Mini Irk Yetişkin Köpek Maması 7 KG | D74: =IFERROR(__xludf.DUMMYFUNCTION("""COMPUTED_VALUE"""),3969.0) -> 3969 | E74: =IFERROR(__xludf.DUMMYFUNCTION("""COMPUTED_VALUE"""),85.41249999999962) -> 85.4125 | F74: =IFERROR(__xludf.DUMMYFUNCTION("""COMPUTED_VALUE"""),0.021519904257999403) -> 0.021519904 | G74: =IFERROR(__xludf.DUMMYFUNCTION("""COMPUTED_VALUE"""),"RİSKLİ") -> RİSKLİ | H74: =IFERROR(__xludf.DUMMYFUNCTION("""COMPUTED_VALUE"""),"Minimum fiyat altına düşme") -> Minimum fiyat altına düşme
A75: =IFERROR(__xludf.DUMMYFUNCTION("""COMPUTED_VALUE"""),9.003579001646E12) -> 9003579001646 | B75: =IFERROR(__xludf.DUMMYFUNCTION("""COMPUTED_VALUE"""),"Royal Canin") -> Royal Canin | C75: =IFERROR(__xludf.DUMMYFUNCTION("""COMPUTED_VALUE"""),"Poodle Yaş Köpek Maması 12 x 85g") -> Poodle Yaş Köpek Maması 12 x 85g | D75: =IFERROR(__xludf.DUMMYFUNCTION("""COMPUTED_VALUE"""),658.0) -> 658 | E75: =IFERROR(__xludf.DUMMYFUNCTION("""COMPUTED_VALUE"""),14.316666666666714) -> 14.316667 | F75: =IFERROR(__xludf.DUMMYFUNCTION("""COMPUTED_VALUE"""),0.021757852077001087) -> 0.021757852 | G75: =IFERROR(__xludf.DUMMYFUNCTION("""COMPUTED_VALUE"""),"RİSKLİ") -> RİSKLİ | H75: =IFERROR(__xludf.DUMMYFUNCTION("""COMPUTED_VALUE"""),"Minimum fiyat altına düşme") -> Minimum fiyat altına düşme
A76: =IFERROR(__xludf.DUMMYFUNCTION("""COMPUTED_VALUE"""),8.010276042361E12) -> 8010276042361 | B76: =IFERROR(__xludf.DUMMYFUNCTION("""COMPUTED_VALUE"""),"N&D") -> N&D | C76: =IFERROR(__xludf.DUMMYFUNCTION("""COMPUTED_VALUE"""),"Tropical Selection Somonlu Mini Irk Yetişkin Köpek Maması 5kg") -> Tropical Selection Somonlu Mini Irk Yetişkin Köpek Maması 5kg | D76: =IFERROR(__xludf.DUMMYFUNCTION("""COMPUTED_VALUE"""),2195.0) -> 2195 | E76: =IFERROR(__xludf.DUMMYFUNCTION("""COMPUTED_VALUE"""),48.07083333333346) -> 48.070833 | F76: =IFERROR(__xludf.DUMMYFUNCTION("""COMPUTED_VALUE"""),0.021900151860288593) -> 0.021900152 | G76: =IFERROR(__xludf.DUMMYFUNCTION("""COMPUTED_VALUE"""),"RİSKLİ") -> RİSKLİ | H76: =IFERROR(__xludf.DUMMYFUNCTION("""COMPUTED_VALUE"""),"Minimum fiyat altına düşme") -> Minimum fiyat altına düşme
A77: =IFERROR(__xludf.DUMMYFUNCTION("""COMPUTED_VALUE"""),8.010276033703E12) -> 8010276033703 | B77: =IFERROR(__xludf.DUMMYFUNCTION("""COMPUTED_VALUE"""),"N&D") -> N&D | C77: =IFERROR(__xludf.DUMMYFUNCTION("""COMPUTED_VALUE"""),"Ancestral Grain Mini Puppy Kuzulu Yaban Mersinli Küçük Irk Düşük Tahıllı Yavru Köpek Maması 2,5") -> Ancestral Grain Mini Puppy Kuzulu Yaban Mersinli Küçük Irk Düşük Tahıllı Yavru Köpek Maması 2,5 | D77: =IFERROR(__xludf.DUMMYFUNCTION("""COMPUTED_VALUE"""),1493.0) -> 1493 | E77: =IFERROR(__xludf.DUMMYFUNCTION("""COMPUTED_VALUE"""),32.94583333333338) -> 32.945833 | F77: =IFERROR(__xludf.DUMMYFUNCTION("""COMPUTED_VALUE"""),0.02206686760437601) -> 0.022066868 | G77: =IFERROR(__xludf.DUMMYFUNCTION("""COMPUTED_VALUE"""),"RİSKLİ") -> RİSKLİ | H77: =IFERROR(__xludf.DUMMYFUNCTION("""COMPUTED_VALUE"""),"Minimum fiyat altına düşme") -> Minimum fiyat altına düşme
A78: =IFERROR(__xludf.DUMMYFUNCTION("""COMPUTED_VALUE"""),7.6130335646424E13) -> 76130335646424 | B78: =IFERROR(__xludf.DUMMYFUNCTION("""COMPUTED_VALUE"""),"Pro Plan") -> Pro Plan | C78: =IFERROR(__xludf.DUMMYFUNCTION("""COMPUTED_VALUE"""),"Proplan Sterilised Somon Kısır Kedi Maması 400 Gr*4 Adet") -> Proplan Sterilised Somon Kısır Kedi Maması 400 Gr*4 Adet | D78: =IFERROR(__xludf.DUMMYFUNCTION("""COMPUTED_VALUE"""),802.0) -> 802 | E78: =IFERROR(__xludf.DUMMYFUNCTION("""COMPUTED_VALUE"""),18.85000000000008) -> 18.85 | F78: =IFERROR(__xludf.DUMMYFUNCTION("""COMPUTED_VALUE"""),0.02350374064837915) -> 0.023503741 | G78: =IFERROR(__xludf.DUMMYFUNCTION("""COMPUTED_VALUE"""),"RİSKLİ") -> RİSKLİ | H78: =IFERROR(__xludf.DUMMYFUNCTION("""COMPUTED_VALUE"""),"Minimum fiyat altına düşme") -> Minimum fiyat altına düşme
A79: =IFERROR(__xludf.DUMMYFUNCTION("""COMPUTED_VALUE"""),"TYB63LE63X4TX1PQ37") -> TYB63LE63X4TX1PQ37 | B79: =IFERROR(__xludf.DUMMYFUNCTION("""COMPUTED_VALUE"""),"Gourmet") -> Gourmet | C79: =IFERROR(__xludf.DUMMYFUNCTION("""COMPUTED_VALUE"""),"Hindili Kıyılmış 85 G X 24 Adet") -> Hindili Kıyılmış 85 G X 24 Adet | D79: =IFERROR(__xludf.DUMMYFUNCTION("""COMPUTED_VALUE"""),742.85) -> 742.85 | E79: =IFERROR(__xludf.DUMMYFUNCTION("""COMPUTED_VALUE"""),18.050333333333363) -> 18.050333 | F79: =IFERROR(__xludf.DUMMYFUNCTION("""COMPUTED_VALUE"""),0.02429875928294186) -> 0.024298759 | G79: =IFERROR(__xludf.DUMMYFUNCTION("""COMPUTED_VALUE"""),"RİSKLİ") -> RİSKLİ | H79: =IFERROR(__xludf.DUMMYFUNCTION("""COMPUTED_VALUE"""),"Minimum fiyat altına düşme") -> Minimum fiyat altına düşme

Sheet Maliyet Giris
A1: Barkod | B1: Marka | C1: Ürün Adı | D1: SKU | E1: Kategori | F1: Ürün Maliyeti (KDV Dahil) | G1: Ürün Desisi | H1: Not | I1: Kontrol
A2: 7613033568558 | B2: Pro Plan | C2: Sterilised Somonlu Kısırlaştırılmış Kedi Konservesi 85 Gr | E2: Kedi Konserve Maması | F2: 41 | G2: 1 | I2: =IF($A2="","",IF(COUNTIF($A$2:$A$550,$A2)>1,"Tekrarlı barkod",""))
A3: 9003579311301 | B3: Royal Canin | C3: Sterilised Gravy Yaş Kedi Maması 85 gr | E3: Kedi Konserve Maması | F3: 41 | G3: 1 | I3: =IF($A3="","",IF(COUNTIF($A$2:$A$550,$A3)>1,"Tekrarlı barkod",""))
A4: 9003579311714 | B4: Royal Canin | C4: Jelly Kitten Instinctive Yaş Yavru Kedi Maması 85 Gr | E4: Kedi Konserve Maması | F4: 41 | G4: 1 | I4: =IF($A4="","",IF(COUNTIF($A$2:$A$550,$A4)>1,"Tekrarlı barkod",""))
A5: 9003579308929 | B5: Royal Canin | C5: Intense Beauty Gravy Pouch Yetişkin Kedi Konservesi 85 Gr | E5: Kedi Konserve Maması | F5: 41 | G5: 1 | I5: =IF($A5="","",IF(COUNTIF($A$2:$A$550,$A5)>1,"Tekrarlı barkod",""))
A6: 1172022022 | B6: Royal Canin | C6: Ageing 11+ Yaşlı Ve Ileri Yaştaki Kedi Yaş Mama 85 gr X 12 Adet Gravy Soslu | E6: Kedi Konserve Maması | F6: 490 | G6: 1 | I6: =IF($A6="","",IF(COUNTIF($A$2:$A$550,$A6)>1,"Tekrarlı barkod",""))
A7: 7613035214798 | B7: Pro Plan | C7: Adult Kuzu Etli Yetişkin Köpek Maması 3 Kg | E7: Köpek Kuru Maması | F7: 872 | G7: 3 | I7: =IF($A7="","",IF(COUNTIF($A$2:$A$550,$A7)>1,"Tekrarlı barkod",""))
A8: 7613035214774 | B8: Pro Plan | C8: Adult Kuzu Etli Yetişkin Köpek Maması 14 Kg | E8: Köpek Kuru Maması | F8: 2924 | G8: 14 | I8: =IF($A8="","",IF(COUNTIF($A$2:$A$550,$A8)>1,"Tekrarlı barkod",""))
A9: 7613035214767 | B9: Pro Plan | C9: Puppy Kuzu Etli Yavru Köpek Maması 12 Kg | E9: Köpek Kuru Maması | F9: 2985 | G9: 12 | I9: =IF($A9="","",IF(COUNTIF($A$2:$A$550,$A9)>1,"Tekrarlı barkod",""))
A10: 7613035123809 | B10: Pro Plan | C10: Proplan Puppy Somonlu Küçük Irk Yavru Köpek Maması 3 Kg | E10: Köpek Kuru Maması | F10: 928 | G10: 3 | I10: =IF($A10="","",IF(COUNTIF($A$2:$A$550,$A10)>1,"Tekrarlı barkod",""))
A11: 7613035120464 | B11: Pro Plan | C11: Optiderma Somonlu Hassas Yetişkin Köpek Maması 14 Kg | E11: Köpek Kuru Maması | F11: 2991 | G11: 14 | I11: =IF($A11="","",IF(COUNTIF($A$2:$A$550,$A11)>1,"Tekrarlı barkod",""))
A12: 7613035120389 | B12: Pro Plan | C12: Puppy Somonlu Yavru Köpek Maması 12 Kg | E12: Köpek Kuru Maması | F12: 2991 | G12: 12 | I12: =IF($A12="","",IF(COUNTIF($A$2:$A$550,$A12)>1,"Tekrarlı barkod",""))
A13: 7613035119024 | B13: Pro Plan | C13: Adult Somonlu Yetişkin Köpek Maması 16.5 Kg | E13: Köpek Kuru Maması | F13: 3325 | G13: 15 | I13: =IF($A13="","",IF(COUNTIF($A$2:$A$550,$A13)>1,"Tekrarlı barkod",""))
... A18: 110201908 | B18: Purina Pro Plan | C18: Sterilised Somonlu Kısır Kedi Maması 3kg | E18: Kedi Kuru Maması | F18: 1194 | G18: 3 | I18: =IF($A18="","",IF(COUNTIF($A$2:$A$550,$A18)>1,"Tekrarlı barkod",""))
A19: 840134695853 | B19: BARK | C19: Starbark Beyaz Bardak Köpek Çiğneme Oyuncak - M/L Boy (Ödül Doldurulabilir) | E19: Köpek Oyuncağı | G19: 1 | I19: =IF($A19="","",IF(COUNTIF($A$2:$A$550,$A19)>1,"Tekrarlı barkod",""))
A20: 840134695921 | B20: BARK | C20: Flingray Sesli Vatos Köpek Oyuncağı | E20: Köpek Oyuncağı | G20: 1 | I20: =IF($A20="","",IF(COUNTIF($A$2:$A$550,$A20)>1,"Tekrarlı barkod",""))
A21: 840134695938 | B21: BARK | C21: Hambone Çiğneme Köpek Oyuncağı | E21: Köpek Oyuncağı | G21: 1 | I21: =IF($A21="","",IF(COUNTIF($A$2:$A$550,$A21)>1,"Tekrarlı barkod",""))
A22: 840134695983 | B22: BARK | C22: Brtha Sesli Ejderha Köpek Oyuncağı | E22: Köpek Oyuncağı | G22: 1 | I22: =IF($A22="","",IF(COUNTIF($A$2:$A$550,$A22)>1,"Tekrarlı barkod",""))
A23: 840134695990 | B23: BARK | C23: Acornucopia Çiğneme Köpek Oyuncağı | E23: Köpek Oyuncağı | G23: 1 | I23: =IF($A23="","",IF(COUNTIF($A$2:$A$550,$A23)>1,"Tekrarlı barkod",""))
A24: 840134696355 | B24: BARK | C24: Turnt Turp Köpek Oyuncağı | E24: Köpek Oyuncağı | G24: 1 | I24: =IF($A24="","",IF(COUNTIF($A$2:$A$550,$A24)>1,"Tekrarlı barkod",""))
A25: 840134696461 | B25: BARK | C25: Fetch Dal Köpek Oyuncağı | E25: Köpek Oyuncağı | G25: 1 | I25: =IF($A25="","",IF(COUNTIF($A$2:$A$550,$A25)>1,"Tekrarlı barkod",""))
A26: 840134696485 | B26: BARK | C26: Beaver Kunduz Köpek Oyuncağı | E26: Köpek Oyuncağı | G26: 1 | I26: =IF($A26="","",IF(COUNTIF($A$2:$A$550,$A26)>1,"Tekrarlı barkod",""))
A27: 11111111111115115 | B27: Beaphar | C27: Duo Malt Paste Tüy Yumağı Kontrol Kedi Macunu 100 gr - 2 Adet | E27: Kedi Vitamini | G27: 0.5 | I27: =IF($A27="","",IF(COUNTIF($A$2:$A$550,$A27)>1,"Tekrarlı barkod",""))
A28: 8711231170357 | B28: Beaphar | C28: Duo Malt Paste Tüy Yumağı Kontrol Kedi Macunu 100 Gr | E28: Kedi Vitamini | G28: 0.5 | I28: =IF($A28="","",IF(COUNTIF($A$2:$A$550,$A28)>1,"Tekrarlı barkod",""))
A29: TYBWE0JQNGP76NQ209 | B29: Beaphar | C29: Duo Active Tüy Yumağı Önleyici Malt Kedi Macunu 100 gr X 3 Adet | E29: Kedi Sağlık Ürünü | G29: 1 | I29: =IF($A29="","",IF(COUNTIF($A$2:$A$550,$A29)>1,"Tekrarlı barkod",""))
A30: 210420241807 | B30: N&D | C30: ND KEDİ MAMASI TROPICAL SELECTİON KISIRLAŞTIRILMIŞ KUZULU 10 KG 1 ADET | E30: Kedi Kuru Maması | F30: 2944 | G30: 10 | I30: =IF($A30="","",IF(COUNTIF($A$2:$A$550,$A30)>1,"Tekrarlı barkod",""))
A31: 8010276042149 | B31: N&D | C31: Tropical Kuzu Etli Kısırlaştırılmış Kedi Maması 10 KG | E31: Kedi Kuru Maması | F31: 2944 | G31: 10 | I31: =IF($A31="","",IF(COUNTIF($A$2:$A$550,$A31)>1,"Tekrarlı barkod",""))
A32: 5060412212489 | B32: Ever Clean | C32: Fast Acting 10 lt. | E32: Kedi Kumu | G32: 2 | I32: =IF($A32="","",IF(COUNTIF($A$2:$A$550,$A32)>1,"Tekrarlı barkod",""))
A33: 5060255492253 | B33: Ever Clean | C33: Multiple Cat Kedi Kumu 10 Lt | E33: Kedi Kumu | G33: 2 | I33: =IF($A33="","",IF(COUNTIF($A$2:$A$550,$A33)>1,"Tekrarlı barkod",""))
A34: 5060255492291 | B34: Ever Clean | C34: Lavender Lavanta Kokulu Ince Taneli Topaklaşan Kedi Kumu 10 L | E34: Kedi Kumu | G34: 2 | I34: =IF($A34="","",IF(COUNTIF($A$2:$A$550,$A34)>1,"Tekrarlı barkod",""))
A35: TYBFX202T4NBR94F79 | B35: Ever Clean | C35: Extra Strong Scented Kedi Kumu 10 Lt | E35: Kedi Kumu | G35: 2 | I35: =IF($A35="","",IF(COUNTIF($A$2:$A$550,$A35)>1,"Tekrarlı barkod",""))
A36: AK73LD91 | B36: Ever Clean | C36: Less Trail (patilere Yapışmayan) Kedi Kumu 10 Lt X 2 Adet | E36: Kedi Kumu | G36: 2 | I36: =IF($A36="","",IF(COUNTIF($A$2:$A$550,$A36)>1,"Tekrarlı barkod",""))
A37: TYBUAJE2I9OWF7YM95 | B37: Ever Clean | C37: Litter Free Paws Patilere Yapışmayan Kedi Kumu 2 X 10 L | E37: Kedi Kumu | G37: 2 | I37: =IF($A37="","",IF(COUNTIF($A$2:$A$550,$A37)>1,"Tekrarlı barkod",""))
A38: 5060255492192 | B38: Ever Clean | C38: Less Pass(PATİLERE YAPIŞMAYAN) Kedi Kumu 10 Lt | E38: Kedi Kumu | G38: 2 | I38: =IF($A38="","",IF(COUNTIF($A$2:$A$550,$A38)>1,"Tekrarlı barkod",""))
A39: 5060255492161 | B39: Ever Clean | C39: Extra Strength Scented Koku Engelleyici Doğal Kedi Kumu 10 Lt | E39: Kedi Kumu | F39: 800 | G39: 2 | I39: =IF($A39="","",IF(COUNTIF($A$2:$A$550,$A39)>1,"Tekrarlı barkod",""))
A40: 5060412214117 | B40: Ever Clean | C40: LitterFree Paws 10 Lt | E40: Kedi Kumu | G40: 2 | I40: =IF($A40="","",IF(COUNTIF($A$2:$A$550,$A40)>1,"Tekrarlı barkod",""))
A41: 8410650173535 | B41: Advance | C41: Sensitive Kuzu Etli Hassas Yetişkin Köpek Maması 12 Kg | E41: Köpek Kuru Maması | F41: 3034 | G41: 10 | I41: =IF($A41="","",IF(COUNTIF($A$2:$A$550,$A41)>1,"Tekrarlı barkod",""))
A42: 8410650167886 | B42: Advance | C42: Kedi Yetişkin Kısır Somonlu 1.5 Kg | E42: Kedi Kuru Maması | F42: 715 | G42: 3 | I42: =IF($A42="","",IF(COUNTIF($A$2:$A$550,$A42)>1,"Tekrarlı barkod",""))
A43: 8410650239156 | B43: Advance | C43: Cat Sterilized Hairball Hindili Kısır Kedi Maması 3 Kg | E43: Kedi Kuru Maması | F43: 1260 | G43: 3 | I43: =IF($A43="","",IF(COUNTIF($A$2:$A$550,$A43)>1,"Tekrarlı barkod",""))
A44: 8410650151656 | B44: Advance | C44: Cat Adult Salmon Sensıtıve 3 Kg | E44: Kedi Kuru Maması | F44: 1228 | G44: 3 | I44: =IF($A44="","",IF(COUNTIF($A$2:$A$550,$A44)>1,"Tekrarlı barkod",""))
A45: 8410650218663 | B45: Advance | C45: Cat Sterilized Kısırlaştırılmış Somonlu Kedi Maması 10 Kg | E45: Kedi Kuru Maması | F45: 3556 | G45: 10 | I45: =IF($A45="","",IF(COUNTIF($A$2:$A$550,$A45)>1,"Tekrarlı barkod",""))
A46: 8410650167909 | B46: Advance | C46: Sensitive Somonlu Hassas Kısırlaştırılmış Kedi Maması 3 Kg | E46: Kedi Kuru Maması | F46: 1228 | G46: 3 | I46: =IF($A46="","",IF(COUNTIF($A$2:$A$550,$A46)>1,"Tekrarlı barkod",""))
A47: 8005852171108 | B47: Schesir | C47: Jelly Ton Balıklı Tavuk Ve Karidesli Kedi Yaş Maması 85gr Skt:09/2024 | E47: Kedi Konserve Maması | G47: 3 | I47: =IF($A47="","",IF(COUNTIF($A$2:$A$550,$A47)>1,"Tekrarlı barkod",""))
A48: 8005852171054 | B48: Schesir | C48: Jelly Ton Balıklı ve Levrekli Pouch Kedi Konservesi 85 Gr | E48: Kedi Konserve Maması | G48: 3 | I48: =IF($A48="","",IF(COUNTIF($A$2:$A$550,$A48)>1,"Tekrarlı barkod",""))
A49: 8005852171115 | B49: Schesir | C49: Pouch Gravy Tavuklu Kıyılmış Kedi Yaş Maması 85 Gr | E49: Kedi Konserve Maması | G49: 3 | I49: =IF($A49="","",IF(COUNTIF($A$2:$A$550,$A49)>1,"Tekrarlı barkod",""))
A50: 7613033560033 | B50: Pro Plan | C50: Sterilised Hindi-Tavuk Kısırlaştırılmış Kedi Maması 3 Kg | D50: 0 | E50: Kedi Kuru Maması | F50: 1165 | G50: 3 | I50: =IF($A50="","",IF(COUNTIF($A$2:$A$550,$A50)>1,"Tekrarlı barkod",""))
A51: TYBBR26STPQS3M8793 | B51: Whiskas | C51: Sığır Etli,Biftekli Konserve Kedi Maması 400 Gr X 12 ADET | E51: Kedi Konserve Maması | G51: 3 | I51: =IF($A51="","",IF(COUNTIF($A$2:$A$550,$A51)>1,"Tekrarlı barkod",""))
A52: TYB2GSN7NL9EBZ6M38 | B52: Whiskas | C52: Tavuklu Yetişkin Konserve Kedi Maması 400 Gr X 12 ADET | E52: Kedi Konserve Maması | F52: 792 | G52: 3 | I52: =IF($A52="","",IF(COUNTIF($A$2:$A$550,$A52)>1,"Tekrarlı barkod",""))
A53: 640020 | B53: Whiskas | C53: Konserve Sığırlı Kedi Mama 24 X 400 gr | E53: Kedi Konserve Maması | F53: 1582 | G53: 3 | I53: =IF($A53="","",IF(COUNTIF($A$2:$A$550,$A53)>1,"Tekrarlı barkod",""))
A54: 8681002995178 | B54: Whiskas | C54: Tavuklu Konserve Kedi Maması 400 gr 24x | E54: Kedi Konserve Maması | G54: 3 | I54: =IF($A54="","",IF(COUNTIF($A$2:$A$550,$A54)>1,"Tekrarlı barkod",""))
A55: TYBK9VXXS6A8F2MQ14 | B55: Royal Canin | C55: Indoor 7+ Yaşlı Kedi Maması 3,5 kg | E55: Kedi Kuru Maması | F55: 1 | G55: 3 | I55: =IF($A55="","",IF(COUNTIF($A$2:$A$550,$A55)>1,"Tekrarlı barkod",""))
A56: 8681002994201 | B56: Dreamies | C56: Somonlu Mega Kedi Ödül Maması 180 G 4X | E56: Kedi Ödülü | F56: 85 | G56: 0.5 | I56: =IF($A56="","",IF(COUNTIF($A$2:$A$550,$A56)>1,"Tekrarlı barkod",""))
A57: TYBUE8L7NU7ALS2Y13 | B57: Royal Canin | C57: Royal Canın French Bulldog Puppy 3kg | E57: Köpek Kuru Maması | F57: 1228 | G57: 3 | I57: =IF($A57="","",IF(COUNTIF($A$2:$A$550,$A57)>1,"Tekrarlı barkod",""))
A58: 3182550784399 | B58: Royal Canin | C58: Indoor 7 Ev Kedileri Için Yaşlı Kedi Maması 1,5kg | E58: Kedi Kuru Maması | F58: 1 | G58: 3 | I58: =IF($A58="","",IF(COUNTIF($A$2:$A$550,$A58)>1,"Tekrarlı barkod",""))
A59: TYBPC0369DN0S47078 | B59: Whiskas | C59: Sığır - Tavuk - Somon - Ton Balıklı Karışık Yaş Kedi Maması 28 Adet 85 Gr. | E59: Kedi Konserve Maması | F59: 1 | G59: 3 | I59: =IF($A59="","",IF(COUNTIF($A$2:$A$550,$A59)>1,"Tekrarlı barkod",""))
A60: 8745236589541 | B60: FELIX | C60: Pouch Karışık Yaş Kedi Maması 100 Adet | E60: Kedi Konserve Maması | F60: 1500 | G60: 3 | I60: =IF($A60="","",IF(COUNTIF($A$2:$A$550,$A60)>1,"Tekrarlı barkod",""))
A61: 8694867251443 | B61: Purina Felix | C61: Felix Karışık Yaş Kedi Maması 20 Adet | E61: Kedi Konserve Maması | F61: 300 | G61: 3 | I61: =IF($A61="","",IF(COUNTIF($A$2:$A$550,$A61)>1,"Tekrarlı barkod",""))
A62: TYPET19 | B62: FELIX | C62: Karma Paket Kedi Konserve Maması 28 Adet X 85gr | E62: Kedi Konserve Maması | F62: 420 | G62: 3 | I62: =IF($A62="","",IF(COUNTIF($A$2:$A$550,$A62)>1,"Tekrarlı barkod",""))
A63: 63773829299393728 | B63: FELIX | C63: Karışık Yaş Kedi Maması Serisi 12 Adet Yeni Çeşitleri Ile | E63: Kedi Kuru Maması | F63: 180 | G63: 3 | I63: =IF($A63="","",IF(COUNTIF($A$2:$A$550,$A63)>1,"Tekrarlı barkod",""))
A64: 1613036962014 | B64: FELIX | C64: Somonlu Ton Balıklı Yaş Kedi Maması X 20 Adet | E64: Kedi Kuru Maması | F64: 300 | G64: 3 | I64: =IF($A64="","",IF(COUNTIF($A$2:$A$550,$A64)>1,"Tekrarlı barkod",""))
A65: 8681002997592 | B65: Dreamies | C65: Kedi Ödül Maması Karışık Paket 60 Gr X 36 Adet | E65: Kedi Ödülü | F65: 100 | G65: 0.5 | I65: =IF($A65="","",IF(COUNTIF($A$2:$A$550,$A65)>1,"Tekrarlı barkod",""))
A66: 62420056724154 | B66: Dreamies | C66: Kedi Ödül Maması Karışık 60 gr X 24 Adet | E66: Kedi Kuru Maması | F66: 10 | G66: 3 | I66: =IF($A66="","",IF(COUNTIF($A$2:$A$550,$A66)>1,"Tekrarlı barkod",""))
A67: TYBJH953EK2C3Z3444 | B67: Dreamies | C67: Kedi Ödülü Seti Sığırlı, Somonlu, Peynirli, Tavuklu, Somonlu Peynir, Ördekli 6 Adet | E67: Kedi Ödülü | F67: 10 | G67: 0.5 | I67: =IF($A67="","",IF(COUNTIF($A$2:$A$550,$A67)>1,"Tekrarlı barkod",""))
A68: 5998749129968 | B68: Whiskas | C68: Ton Balıklı 1,4 Kg Kuru Mama | E68: Kedi Kuru Maması | F68: 1 | G68: 3 | I68: =IF($A68="","",IF(COUNTIF($A$2:$A$550,$A68)>1,"Tekrarlı barkod",""))
A69: 5900951014345 | B69: Whiskas | C69: Biftekli Yetişkin Kedi Maması 14 Kg | E69: Kedi Kuru Maması | G69: 3 | I69: =IF($A69="","",IF(COUNTIF($A$2:$A$550,$A69)>1,"Tekrarlı barkod",""))
A70: 477060823913824 | B70: Whiskas | C70: Klasik Öğünler Sos Içinde Sığırlı Ve Tavuklu Yetişkin Kedi Maması 24 X 85 G | E70: Kedi Konserve Maması | F70: 1 | G70: 3 | I70: =IF($A70="","",IF(COUNTIF($A$2:$A$550,$A70)>1,"Tekrarlı barkod",""))
A71: 8684477462040 | B71: Felicia | C71: 2 Adet Adult Cat Light & Sterilised Somonlu Kısır Yetişkin Kedi Maması 2 kg x 2 = 4 kg | E71: Kedi Kuru Maması | F71: 743 | G71: 3 | I71: =IF($A71="","",IF(COUNTIF($A$2:$A$550,$A71)>1,"Tekrarlı barkod",""))
A72: 3208202001 | B72: Felicia | C72: Kitten Mother & Kitten Kuzu Etli Yavru Kedi Maması 2 Kg | E72: Kedi Kuru Maması | F72: 406 | G72: 3 | I72: =IF($A72="","",IF(COUNTIF($A$2:$A$550,$A72)>1,"Tekrarlı barkod",""))
A73: 8681299601295 | B73: Felicia | C73: 12 Kg Yetişkin Tavuklu Az Tahıllı HypoAllergenic Kedi Maması | E73: Kedi Kuru Maması | F73: 2065 | G73: 3 | I73: =IF($A73="","",IF(COUNTIF($A$2:$A$550,$A73)>1,"Tekrarlı barkod",""))
A74: 8682221365903 | B74: Felicia | C74: Kolajen Destekli Hipoalerjenik Somonlu Kısırlaştırılmış Yetişkin Kedi Maması 12KG | E74: Kedi Kuru Maması | F74: 2109 | G74: 3 | I74: =IF($A74="","",IF(COUNTIF($A$2:$A$550,$A74)>1,"Tekrarlı barkod",""))
A75: HBCV00009IIHX6 | B75: Felicia | C75: 12 Kg Yetişkin Kuzu Etli Az Tahıllı HypoAllergenic Kedi Maması | E75: Kedi Kuru Maması | F75: 2354 | G75: 3 | I75: =IF($A75="","",IF(COUNTIF($A$2:$A$550,$A75)>1,"Tekrarlı barkod",""))
A76: TYBKT7IU1SQMILM116 | B76: Felicia | C76: Düşük Tahıllı Kuzulu Yavru Kedi Maması 2 Kg | E76: Kedi Kuru Maması | F76: 406 | G76: 3 | I76: =IF($A76="","",IF(COUNTIF($A$2:$A$550,$A76)>1,"Tekrarlı barkod",""))
A77: TYBBUNMP3OTIAJT024 | B77: Felicia | C77: 2 Kg Yetişkin Tavuklu Az Tahıllı HypoAllergenic Kedi Maması | E77: Kedi Kuru Maması | F77: 359 | G77: 3 | I77: =IF($A77="","",IF(COUNTIF($A$2:$A$550,$A77)>1,"Tekrarlı barkod",""))
A78: 8681299606641 | B78: Felicia | C78: 2 kg Sterilised Tavuklu Az Tahıllı HypoAllergenic Kedi Maması | E78: Kedi Kuru Maması | F78: 383 | G78: 3 | I78: =IF($A78="","",IF(COUNTIF($A$2:$A$550,$A78)>1,"Tekrarlı barkod",""))
A79: 8681299601264 | B79: Felicia | C79: 2 Kg Yavru Tavuklu Az Tahıllı HypoAllergenic Kedi Maması | E79: Kedi Kuru Maması | F79: 399 | G79: 3 | I79: =IF($A79="","",IF(COUNTIF($A$2:$A$550,$A79)>1,"Tekrarlı barkod",""))
A80: TYBP2XETRCWJM87M50 | B80: Felicia | C80: Somonlu Yetişkin Kedi Maması 12 Kg | E80: Kedi Kuru Maması | F80: 2165 | G80: 3 | I80: =IF($A80="","",IF(COUNTIF($A$2:$A$550,$A80)>1,"Tekrarlı barkod",""))
A81: 8681299606665 | B81: Felicia | C81: 2 Kg Yetişkin Kuzu Etli Az Tahıllı HypoAllergenic Kedi Maması | E81: Kedi Kuru Maması | F81: 405 | G81: 3 | I81: =IF($A81="","",IF(COUNTIF($A$2:$A$550,$A81)>1,"Tekrarlı barkod",""))
A82: 8681299601301 | B82: Felicia | C82: 2 Kg Yetişkin Somonlu Az Tahıllı HypoAllergenic Kedi Maması | E82: Kedi Kuru Maması | F82: 374 | G82: 3 | I82: =IF($A82="","",IF(COUNTIF($A$2:$A$550,$A82)>1,"Tekrarlı barkod",""))
A83: 7980556598055659 | B83: Felicia | C83: 2 Kg Kolajenli Somonlu Az Tahıllı Kısırlaştırılmış Kedi Maması | E83: Kedi Kuru Maması | F83: 371 | G83: 3 | I83: =IF($A83="","",IF(COUNTIF($A$2:$A$550,$A83)>1,"Tekrarlı barkod",""))
A84: 7451204125632 | B84: Felicia | C84: Kolajen Destekli Hipoalerjenik Somonlu Kısırlaştırılmış Yetişkin Kedi Maması 2KG | E84: Kedi Kuru Maması | F84: 371 | G84: 3 | I84: =IF($A84="","",IF(COUNTIF($A$2:$A$550,$A84)>1,"Tekrarlı barkod",""))
A85: PTFLC016 | B85: Felicia | C85: 12 Kg Sterilised Somonlu Az Tahıllı HypoAllergenic Kedi Maması | E85: Kedi Kuru Maması | F85: 1575 | G85: 3 | I85: =IF($A85="","",IF(COUNTIF($A$2:$A$550,$A85)>1,"Tekrarlı barkod",""))
A86: TXC2162D0F52637 | B86: Whiskas | C86: 14 Kg Tavuklu ve Sebzeli Kuru Kedi Maması (WHISKAS.149657) | E86: Kedi Kuru Maması | F86: 1 | G86: 3 | I86: =IF($A86="","",IF(COUNTIF($A$2:$A$550,$A86)>1,"Tekrarlı barkod",""))
A87: TYBPDLDE1MMYOMVD70 | B87: Purina One | C87: Junior Tavuklu Yavru Kedi Maması 800 Gr x 2Adet | E87: Kedi Kuru Maması | I87: =IF($A87="","",IF(COUNTIF($A$2:$A$550,$A87)>1,"Tekrarlı barkod",""))
A88: CB88899991967 | B88: Purina One | C88: Yetişkin Sığır Etli Kedi Maması 1.5 kg CB9904 | E88: Kedi Kuru Maması | F88: 377 | G88: 3 | I88: =IF($A88="","",IF(COUNTIF($A$2:$A$550,$A88)>1,"Tekrarlı barkod",""))
A89: 3182550721745 | B89: Royal Canin | C89: Hair&skin Tüy Ve Deri Sağlığı Için Kuru Kedi Maması 4kg | E89: Kedi Kuru Maması | F89: 2000 | G89: 3 | I89: =IF($A89="","",IF(COUNTIF($A$2:$A$550,$A89)>1,"Tekrarlı barkod",""))
A90: 3182550722544 | B90: Royal Canin | C90: Chihuahua Junior Yavru Köpek Maması 1.5 Kg | E90: Köpek Kuru Maması | F90: 708 | G90: 3 | I90: =IF($A90="","",IF(COUNTIF($A$2:$A$550,$A90)>1,"Tekrarlı barkod",""))
A91: TY988899455015287 | B91: Royal Canin | C91: Mini Starter Mother & Babydog Anne ve Yavru Köpek Maması 4kg | E91: Köpek Kuru Maması | F91: 1537 | G91: 3 | I91: =IF($A91="","",IF(COUNTIF($A$2:$A$550,$A91)>1,"Tekrarlı barkod",""))
A92: 9888569998999 | B92: Gourmet | C92: Purina Karışık Kedi Konservesi 85 gr X 24 Adet | E92: Kedi Konserve Maması | F92: 576 | G92: 3 | I92: =IF($A92="","",IF(COUNTIF($A$2:$A$550,$A92)>1,"Tekrarlı barkod",""))
A93: 210420240550 | B93: N&D | C93: Nd tropical selection köpek 1,5kg mini adult kuzu etli tropikal meyve küçük ırk yetişkin köpek mama | E93: Köpek Kuru Maması | F93: 713 | G93: 3 | I93: =IF($A93="","",IF(COUNTIF($A$2:$A$550,$A93)>1,"Tekrarlı barkod",""))
A94: TYBL1W9TPK3NCREP31 | B94: Royal Canin | C94: Babycat Instinctive Yavru ve Anne Kediler Için Konserve 195 gr x 12 Adet | E94: Kedi Konserve Maması | F94: 1301 | G94: 3 | I94: =IF($A94="","",IF(COUNTIF($A$2:$A$550,$A94)>1,"Tekrarlı barkod",""))
A95: WHS28850000 | B95: Whiskas | C95: Sığır - Tavuk - Somon - Ton Balıklı Karışık Yaş Kedi Maması 28 Adet 85 Gr. | E95: Kedi Konserve Maması | F95: 1 | G95: 3 | I95: =IF($A95="","",IF(COUNTIF($A$2:$A$550,$A95)>1,"Tekrarlı barkod",""))
A96: 3182550727389 | B96: Royal Canin | C96: Mını Indoor Adult Küçük Irklar Için Indoor Yetişkin Kuru Köpek Maması 1.5kg | E96: Köpek Kuru Maması | F96: 1 | G96: 3 | I96: =IF($A96="","",IF(COUNTIF($A$2:$A$550,$A96)>1,"Tekrarlı barkod",""))
A97: 3182550707312 | B97: Royal Canin | C97: Mother&babycat Gebe/laktasyondaki Anne Ve Yavru Kedi Için Kuru Kedi Maması 2kg | E97: Kedi Kuru Maması | F97: 876 | G97: 3 | I97: =IF($A97="","",IF(COUNTIF($A$2:$A$550,$A97)>1,"Tekrarlı barkod",""))
A98: TYBA2C5Z2ZVZYC1P94 | B98: Royal Canin | C98: Chihuahua Puppy Yavru Köpek Maması 1,5 Kg | E98: Köpek Kuru Maması | F98: 708 | G98: 3 | I98: =IF($A98="","",IF(COUNTIF($A$2:$A$550,$A98)>1,"Tekrarlı barkod",""))
A99: PKTSGRKSR1500X2 | B99: Purina One | C99: Sterilised Sığır Etli Kısırlaştırılmış Kedi Maması 1,5 kgX2 | E99: Kedi Kuru Maması | F99: 754 | G99: 3 | I99: =IF($A99="","",IF(COUNTIF($A$2:$A$550,$A99)>1,"Tekrarlı barkod",""))
A100: 3724862384675 | B100: Purina One | C100: Sterilised Sığır Etli Kısırlaştırılmış Kedi Maması 1.5 Kg | E100: Kedi Kuru Maması | F100: 377 | G100: 3 | I100: =IF($A100="","",IF(COUNTIF($A$2:$A$550,$A100)>1,"Tekrarlı barkod",""))
A101: TYBK3GU7R3VD1AJR53 | B101: Simple Solution | C101: Leke Ve Koku Giderici Sprey - Orman Ferahlığı | E101: Köpek Koku Giderici | F101: 1 | G101: 1 | I101: =IF($A101="","",IF(COUNTIF($A$2:$A$550,$A101)>1,"Tekrarlı barkod",""))
A102: TYBHAPNK94QXAISK95 | B102: Simple Solution | C102: Solution Kediler İçin Leke ve Koku Giderici Sprey 750ml Luxury | E102: Köpek Aksesuarı | F102: 500 | G102: 1 | I102: =IF($A102="","",IF(COUNTIF($A$2:$A$550,$A102)>1,"Tekrarlı barkod",""))
A103: TYBAO4JKCQA0LI9T20 | B103: Simple Solution | C103: Solutıon Bahar Esintili Leke Ve Koku Giderici Sprey 750 Ml | E103: Köpek Sağlık Ürünü | F103: 10 | G103: 1 | I103: =IF($A103="","",IF(COUNTIF($A$2:$A$550,$A103)>1,"Tekrarlı barkod",""))
A104: TYBRSLA8EYRWXBYM96 | B104: Simple Solution | C104: Solution Köpek Leke Ve Koku Giderici Sprey 750ml | E104: Köpek Koku Giderici | F104: 1 | G104: 1 | I104: =IF($A104="","",IF(COUNTIF($A$2:$A$550,$A104)>1,"Tekrarlı barkod",""))
...

Sheet Maliyetler
A1: Barkod | B1: Marka | C1: Ürün Adı | D1: SKU | E1: Kategori | F1: Satış Fiyatı | G1: BuyBox Fiyatı | H1: Stok | I1: Onay Durumu | J1: Ürün Maliyeti (KDV Dahil) | K1: Ürün Desisi
A2: =IFERROR(__xludf.DUMMYFUNCTION("FILTER(Products!A2:A1000,Products!A2:A1000<>"""")"),7.613033568558E12) -> 7613033568558 | B2: =IFERROR(__xludf.DUMMYFUNCTION("FILTER(Products!D2:D1000,Products!A2:A1000<>"""")"),"Pro Plan") -> Pro Plan | C2: =IFERROR(__xludf.DUMMYFUNCTION("FILTER(Products!C2:C1000,Products!A2:A1000<>"""")"),"Sterilised Somonlu Kısırlaştırılmış Kedi Konservesi 85 Gr") -> Sterilised Somonlu Kısırlaştırılmış Kedi Konservesi 85 Gr | D2: =IFERROR(__xludf.DUMMYFUNCTION("FILTER(Products!B2:B1000,Products!A2:A1000<>"""")"),"") | E2: =IFERROR(__xludf.DUMMYFUNCTION("FILTER(Products!E2:E1000,Products!A2:A1000<>"""")"),"Kedi Konserve Maması") -> Kedi Konserve Maması | F2: =IFERROR(__xludf.DUMMYFUNCTION("FILTER(Products!F2:F1000,Products!A2:A1000<>"""")"),87.0) -> 87 | G2: =IFERROR(__xludf.DUMMYFUNCTION("FILTER(Products!P2:P1000,Products!A2:A1000<>"""")"),72.0) -> 72 | H2: =IFERROR(__xludf.DUMMYFUNCTION("FILTER(Products!H2:H1000,Products!A2:A1000<>"""")"),100.0) -> 100 | I2: =IFERROR(__xludf.DUMMYFUNCTION("FILTER(Products!I2:I1000,Products!A2:A1000<>"""")"),"Onayli") -> Onayli | J2: =IF($A2="","",IFERROR(VLOOKUP($A2,'Maliyet Giris'!$A$2:$G$550,6,0),"")) -> 41 | K2: =IF($A2="","",IFERROR(VLOOKUP($A2,'Maliyet Giris'!$A$2:$G$550,7,0),"")) -> 1
A3: =IFERROR(__xludf.DUMMYFUNCTION("""COMPUTED_VALUE"""),9.003579311301E12) -> 9003579311301 | B3: =IFERROR(__xludf.DUMMYFUNCTION("""COMPUTED_VALUE"""),"Royal Canin") -> Royal Canin | C3: =IFERROR(__xludf.DUMMYFUNCTION("""COMPUTED_VALUE"""),"Sterilised Gravy Yaş Kedi Maması 85 gr") -> Sterilised Gravy Yaş Kedi Maması 85 gr | E3: =IFERROR(__xludf.DUMMYFUNCTION("""COMPUTED_VALUE"""),"Kedi Konserve Maması") -> Kedi Konserve Maması | F3: =IFERROR(__xludf.DUMMYFUNCTION("""COMPUTED_VALUE"""),199.0) -> 199 | G3: =IFERROR(__xludf.DUMMYFUNCTION("""COMPUTED_VALUE"""),71.0) -> 71 | H3: =IFERROR(__xludf.DUMMYFUNCTION("""COMPUTED_VALUE"""),996.0) -> 996 | I3: =IFERROR(__xludf.DUMMYFUNCTION("""COMPUTED_VALUE"""),"Onayli") -> Onayli | J3: =IF($A3="","",IFERROR(VLOOKUP($A3,'Maliyet Giris'!$A$2:$G$550,6,0),"")) -> 41 | K3: =IF($A3="","",IFERROR(VLOOKUP($A3,'Maliyet Giris'!$A$2:$G$550,7,0),"")) -> 1
A4: =IFERROR(__xludf.DUMMYFUNCTION("""COMPUTED_VALUE"""),9.003579311714E12) -> 9003579311714 | B4: =IFERROR(__xludf.DUMMYFUNCTION("""COMPUTED_VALUE"""),"Royal Canin") -> Royal Canin | C4: =IFERROR(__xludf.DUMMYFUNCTION("""COMPUTED_VALUE"""),"Jelly Kitten Instinctive Yaş Yavru Kedi Maması 85 Gr") -> Jelly Kitten Instinctive Yaş Yavru Kedi Maması 85 Gr | E4: =IFERROR(__xludf.DUMMYFUNCTION("""COMPUTED_VALUE"""),"Kedi Konserve Maması") -> Kedi Konserve Maması | F4: =IFERROR(__xludf.DUMMYFUNCTION("""COMPUTED_VALUE"""),99.0) -> 99 | G4: =IFERROR(__xludf.DUMMYFUNCTION("""COMPUTED_VALUE"""),99.0) -> 99 | H4: =IFERROR(__xludf.DUMMYFUNCTION("""COMPUTED_VALUE"""),998.0) -> 998 | I4: =IFERROR(__xludf.DUMMYFUNCTION("""COMPUTED_VALUE"""),"Onayli") -> Onayli | J4: =IF($A4="","",IFERROR(VLOOKUP($A4,'Maliyet Giris'!$A$2:$G$550,6,0),"")) -> 41 | K4: =IF($A4="","",IFERROR(VLOOKUP($A4,'Maliyet Giris'!$A$2:$G$550,7,0),"")) -> 1
A5: =IFERROR(__xludf.DUMMYFUNCTION("""COMPUTED_VALUE"""),9.003579308929E12) -> 9003579308929 | B5: =IFERROR(__xludf.DUMMYFUNCTION("""COMPUTED_VALUE"""),"Royal Canin") -> Royal Canin | C5: =IFERROR(__xludf.DUMMYFUNCTION("""COMPUTED_VALUE"""),"Intense Beauty Gravy Pouch Yetişkin Kedi Konservesi 85 Gr") -> Intense Beauty Gravy Pouch Yetişkin Kedi Konservesi 85 Gr | E5: =IFERROR(__xludf.DUMMYFUNCTION("""COMPUTED_VALUE"""),"Kedi Konserve Maması") -> Kedi Konserve Maması | F5: =IFERROR(__xludf.DUMMYFUNCTION("""COMPUTED_VALUE"""),199.0) -> 199 | G5: =IFERROR(__xludf.DUMMYFUNCTION("""COMPUTED_VALUE"""),76.3) -> 76.3 | H5: =IFERROR(__xludf.DUMMYFUNCTION("""COMPUTED_VALUE"""),10000.0) -> 10000 | I5: =IFERROR(__xludf.DUMMYFUNCTION("""COMPUTED_VALUE"""),"Onayli") -> Onayli | J5: =IF($A5="","",IFERROR(VLOOKUP($A5,'Maliyet Giris'!$A$2:$G$550,6,0),"")) -> 41 | K5: =IF($A5="","",IFERROR(VLOOKUP($A5,'Maliyet Giris'!$A$2:$G$550,7,0),"")) -> 1
A6: =IFERROR(__xludf.DUMMYFUNCTION("""COMPUTED_VALUE"""),1.172022022E9) -> 1172022022 | B6: =IFERROR(__xludf.DUMMYFUNCTION("""COMPUTED_VALUE"""),"Royal Canin") -> Royal Canin | C6: =IFERROR(__xludf.DUMMYFUNCTION("""COMPUTED_VALUE"""),"Ageing 11+ Yaşlı Ve Ileri Yaştaki Kedi Yaş Mama 85 gr X 12 Adet Gravy Soslu") -> Ageing 11+ Yaşlı Ve Ileri Yaştaki Kedi Yaş Mama 85 gr X 12 Adet Gravy Soslu | E6: =IFERROR(__xludf.DUMMYFUNCTION("""COMPUTED_VALUE"""),"Kedi Konserve Maması") -> Kedi Konserve Maması | F6: =IFERROR(__xludf.DUMMYFUNCTION("""COMPUTED_VALUE"""),958.0) -> 958 | G6: =IFERROR(__xludf.DUMMYFUNCTION("""COMPUTED_VALUE"""),869.0) -> 869 | H6: =IFERROR(__xludf.DUMMYFUNCTION("""COMPUTED_VALUE"""),8.0) -> 8 | I6: =IFERROR(__xludf.DUMMYFUNCTION("""COMPUTED_VALUE"""),"Onayli") -> Onayli | J6: =IF($A6="","",IFERROR(VLOOKUP($A6,'Maliyet Giris'!$A$2:$G$550,6,0),"")) -> 490 | K6: =IF($A6="","",IFERROR(VLOOKUP($A6,'Maliyet Giris'!$A$2:$G$550,7,0),"")) -> 1
A7: =IFERROR(__xludf.DUMMYFUNCTION("""COMPUTED_VALUE"""),7.613035214798E12) -> 7613035214798 | B7: =IFERROR(__xludf.DUMMYFUNCTION("""COMPUTED_VALUE"""),"Pro Plan") -> Pro Plan | C7: =IFERROR(__xludf.DUMMYFUNCTION("""COMPUTED_VALUE"""),"Adult Kuzu Etli Yetişkin Köpek Maması 3 Kg") -> Adult Kuzu Etli Yetişkin Köpek Maması 3 Kg | E7: =IFERROR(__xludf.DUMMYFUNCTION("""COMPUTED_VALUE"""),"Köpek Kuru Maması") -> Köpek Kuru Maması | F7: =IFERROR(__xludf.DUMMYFUNCTION("""COMPUTED_VALUE"""),1500.0) -> 1500 | H7: =IFERROR(__xludf.DUMMYFUNCTION("""COMPUTED_VALUE"""),0.0) -> 0 | I7: =IFERROR(__xludf.DUMMYFUNCTION("""COMPUTED_VALUE"""),"Onayli - Satista degil") -> Onayli - Satista degil | J7: =IF($A7="","",IFERROR(VLOOKUP($A7,'Maliyet Giris'!$A$2:$G$550,6,0),"")) -> 872 | K7: =IF($A7="","",IFERROR(VLOOKUP($A7,'Maliyet Giris'!$A$2:$G$550,7,0),"")) -> 3
A8: =IFERROR(__xludf.DUMMYFUNCTION("""COMPUTED_VALUE"""),7.613035214774E12) -> 7613035214774 | B8: =IFERROR(__xludf.DUMMYFUNCTION("""COMPUTED_VALUE"""),"Pro Plan") -> Pro Plan | C8: =IFERROR(__xludf.DUMMYFUNCTION("""COMPUTED_VALUE"""),"Adult Kuzu Etli Yetişkin Köpek Maması 14 Kg") -> Adult Kuzu Etli Yetişkin Köpek Maması 14 Kg | E8: =IFERROR(__xludf.DUMMYFUNCTION("""COMPUTED_VALUE"""),"Köpek Kuru Maması") -> Köpek Kuru Maması | F8: =IFERROR(__xludf.DUMMYFUNCTION("""COMPUTED_VALUE"""),4500.0) -> 4500 | H8: =IFERROR(__xludf.DUMMYFUNCTION("""COMPUTED_VALUE"""),0.0) -> 0 | I8: =IFERROR(__xludf.DUMMYFUNCTION("""COMPUTED_VALUE"""),"Onayli - Satista degil") -> Onayli - Satista degil | J8: =IF($A8="","",IFERROR(VLOOKUP($A8,'Maliyet Giris'!$A$2:$G$550,6,0),"")) -> 2924 | K8: =IF($A8="","",IFERROR(VLOOKUP($A8,'Maliyet Giris'!$A$2:$G$550,7,0),"")) -> 14
A9: =IFERROR(__xludf.DUMMYFUNCTION("""COMPUTED_VALUE"""),7.613035214767E12) -> 7613035214767 | B9: =IFERROR(__xludf.DUMMYFUNCTION("""COMPUTED_VALUE"""),"Pro Plan") -> Pro Plan | C9: =IFERROR(__xludf.DUMMYFUNCTION("""COMPUTED_VALUE"""),"Puppy Kuzu Etli Yavru Köpek Maması 12 Kg") -> Puppy Kuzu Etli Yavru Köpek Maması 12 Kg | E9: =IFERROR(__xludf.DUMMYFUNCTION("""COMPUTED_VALUE"""),"Köpek Kuru Maması") -> Köpek Kuru Maması | F9: =IFERROR(__xludf.DUMMYFUNCTION("""COMPUTED_VALUE"""),4500.0) -> 4500 | H9: =IFERROR(__xludf.DUMMYFUNCTION("""COMPUTED_VALUE"""),0.0) -> 0 | I9: =IFERROR(__xludf.DUMMYFUNCTION("""COMPUTED_VALUE"""),"Onayli - Satista degil") -> Onayli - Satista degil | J9: =IF($A9="","",IFERROR(VLOOKUP($A9,'Maliyet Giris'!$A$2:$G$550,6,0),"")) -> 2985 | K9: =IF($A9="","",IFERROR(VLOOKUP($A9,'Maliyet Giris'!$A$2:$G$550,7,0),"")) -> 12
A10: =IFERROR(__xludf.DUMMYFUNCTION("""COMPUTED_VALUE"""),7.613035123809E12) -> 7613035123809 | B10: =IFERROR(__xludf.DUMMYFUNCTION("""COMPUTED_VALUE"""),"Pro Plan") -> Pro Plan | C10: =IFERROR(__xludf.DUMMYFUNCTION("""COMPUTED_VALUE"""),"Proplan Puppy Somonlu Küçük Irk Yavru Köpek Maması 3 Kg") -> Proplan Puppy Somonlu Küçük Irk Yavru Köpek Maması 3 Kg | E10: =IFERROR(__xludf.DUMMYFUNCTION("""COMPUTED_VALUE"""),"Köpek Kuru Maması") -> Köpek Kuru Maması | F10: =IFERROR(__xludf.DUMMYFUNCTION("""COMPUTED_VALUE"""),1200.0) -> 1200 | H10: =IFERROR(__xludf.DUMMYFUNCTION("""COMPUTED_VALUE"""),0.0) -> 0 | I10: =IFERROR(__xludf.DUMMYFUNCTION("""COMPUTED_VALUE"""),"Onayli - Satista degil") -> Onayli - Satista degil | J10: =IF($A10="","",IFERROR(VLOOKUP($A10,'Maliyet Giris'!$A$2:$G$550,6,0),"")) -> 928 | K10: =IF($A10="","",IFERROR(VLOOKUP($A10,'Maliyet Giris'!$A$2:$G$550,7,0),"")) -> 3
A11: =IFERROR(__xludf.DUMMYFUNCTION("""COMPUTED_VALUE"""),7.613035120464E12) -> 7613035120464 | B11: =IFERROR(__xludf.DUMMYFUNCTION("""COMPUTED_VALUE"""),"Pro Plan") -> Pro Plan | C11: =IFERROR(__xludf.DUMMYFUNCTION("""COMPUTED_VALUE"""),"Optiderma Somonlu Hassas Yetişkin Köpek Maması 14 Kg") -> Optiderma Somonlu Hassas Yetişkin Köpek Maması 14 Kg | E11: =IFERROR(__xludf.DUMMYFUNCTION("""COMPUTED_VALUE"""),"Köpek Kuru Maması") -> Köpek Kuru Maması | F11: =IFERROR(__xludf.DUMMYFUNCTION("""COMPUTED_VALUE"""),4500.0) -> 4500 | H11: =IFERROR(__xludf.DUMMYFUNCTION("""COMPUTED_VALUE"""),0.0) -> 0 | I11: =IFERROR(__xludf.DUMMYFUNCTION("""COMPUTED_VALUE"""),"Onayli - Satista degil") -> Onayli - Satista degil | J11: =IF($A11="","",IFERROR(VLOOKUP($A11,'Maliyet Giris'!$A$2:$G$550,6,0),"")) -> 2991 | K11: =IF($A11="","",IFERROR(VLOOKUP($A11,'Maliyet Giris'!$A$2:$G$550,7,0),"")) -> 14
A12: =IFERROR(__xludf.DUMMYFUNCTION("""COMPUTED_VALUE"""),7.613035120389E12) -> 7613035120389 | B12: =IFERROR(__xludf.DUMMYFUNCTION("""COMPUTED_VALUE"""),"Pro Plan") -> Pro Plan | C12: =IFERROR(__xludf.DUMMYFUNCTION("""COMPUTED_VALUE"""),"Puppy Somonlu Yavru Köpek Maması 12 Kg") -> Puppy Somonlu Yavru Köpek Maması 12 Kg | E12: =IFERROR(__xludf.DUMMYFUNCTION("""COMPUTED_VALUE"""),"Köpek Kuru Maması") -> Köpek Kuru Maması | F12: =IFERROR(__xludf.DUMMYFUNCTION("""COMPUTED_VALUE"""),4500.0) -> 4500 | H12: =IFERROR(__xludf.DUMMYFUNCTION("""COMPUTED_VALUE"""),0.0) -> 0 | I12: =IFERROR(__xludf.DUMMYFUNCTION("""COMPUTED_VALUE"""),"Onayli - Satista degil") -> Onayli - Satista degil | J12: =IF($A12="","",IFERROR(VLOOKUP($A12,'Maliyet Giris'!$A$2:$G$550,6,0),"")) -> 2991 | K12: =IF($A12="","",IFERROR(VLOOKUP($A12,'Maliyet Giris'!$A$2:$G$550,7,0),"")) -> 12
A13: =IFERROR(__xludf.DUMMYFUNCTION("""COMPUTED_VALUE"""),7.613035119024E12) -> 7613035119024 | B13: =IFERROR(__xludf.DUMMYFUNCTION("""COMPUTED_VALUE"""),"Pro Plan") -> Pro Plan | C13: =IFERROR(__xludf.DUMMYFUNCTION("""COMPUTED_VALUE"""),"Adult Somonlu Yetişkin Köpek Maması 16.5 Kg") -> Adult Somonlu Yetişkin Köpek Maması 16.5 Kg | E13: =IFERROR(__xludf.DUMMYFUNCTION("""COMPUTED_VALUE"""),"Köpek Kuru Maması") -> Köpek Kuru Maması | F13: =IFERROR(__xludf.DUMMYFUNCTION("""COMPUTED_VALUE"""),4200.0) -> 4200 | H13: =IFERROR(__xludf.DUMMYFUNCTION("""COMPUTED_VALUE"""),0.0) -> 0 | I13: =IFERROR(__xludf.DUMMYFUNCTION("""COMPUTED_VALUE"""),"Onayli - Satista degil") -> Onayli - Satista degil | J13: =IF($A13="","",IFERROR(VLOOKUP($A13,'Maliyet Giris'!$A$2:$G$550,6,0),"")) -> 3325 | K13: =IF($A13="","",IFERROR(VLOOKUP($A13,'Maliyet Giris'!$A$2:$G$550,7,0),"")) -> 15
A14: =IFERROR(__xludf.DUMMYFUNCTION("""COMPUTED_VALUE"""),7.61303511492E12) -> 7613035114920 | B14: =IFERROR(__xludf.DUMMYFUNCTION("""COMPUTED_VALUE"""),"Pro Plan") -> Pro Plan | C14: =IFERROR(__xludf.DUMMYFUNCTION("""COMPUTED_VALUE"""),"Pro Plan Tavuklu Küçük Irk Köpek Maması 3 Kg") -> Pro Plan Tavuklu Küçük Irk Köpek Maması 3 Kg | E14: =IFERROR(__xludf.DUMMYFUNCTION("""COMPUTED_VALUE"""),"Köpek Kuru Maması") -> Köpek Kuru Maması | F14: =IFERROR(__xludf.DUMMYFUNCTION("""COMPUTED_VALUE"""),1500.0) -> 1500 | H14: =IFERROR(__xludf.DUMMYFUNCTION("""COMPUTED_VALUE"""),0.0) -> 0 | I14: =IFERROR(__xludf.DUMMYFUNCTION("""COMPUTED_VALUE"""),"Onayli - Satista degil") -> Onayli - Satista degil | J14: =IF($A14="","",IFERROR(VLOOKUP($A14,'Maliyet Giris'!$A$2:$G$550,6,0),"")) -> 866 | K14: =IF($A14="","",IFERROR(VLOOKUP($A14,'Maliyet Giris'!$A$2:$G$550,7,0),"")) -> 3
A15: =IFERROR(__xludf.DUMMYFUNCTION("""COMPUTED_VALUE"""),7.61303511489E12) -> 7613035114890 | B15: =IFERROR(__xludf.DUMMYFUNCTION("""COMPUTED_VALUE"""),"Pro Plan") -> Pro Plan | C15: =IFERROR(__xludf.DUMMYFUNCTION("""COMPUTED_VALUE"""),"Sensitive Skin Small & Mini Somonlu Küçük Irk Köpek Maması 3 Kg") -> Sensitive Skin Small & Mini Somonlu Küçük Irk Köpek Maması 3 Kg | E15: =IFERROR(__xludf.DUMMYFUNCTION("""COMPUTED_VALUE"""),"Köpek Kuru Maması") -> Köpek Kuru Maması | F15: =IFERROR(__xludf.DUMMYFUNCTION("""COMPUTED_VALUE"""),1500.0) -> 1500 | H15: =IFERROR(__xludf.DUMMYFUNCTION("""COMPUTED_VALUE"""),0.0) -> 0 | I15: =IFERROR(__xludf.DUMMYFUNCTION("""COMPUTED_VALUE"""),"Onayli - Satista degil") -> Onayli - Satista degil | J15: =IF($A15="","",IFERROR(VLOOKUP($A15,'Maliyet Giris'!$A$2:$G$550,6,0),"")) -> 975 | K15: =IF($A15="","",IFERROR(VLOOKUP($A15,'Maliyet Giris'!$A$2:$G$550,7,0),"")) -> 3
A16: =IFERROR(__xludf.DUMMYFUNCTION("""COMPUTED_VALUE"""),7.613035114838E12) -> 7613035114838 | B16: =IFERROR(__xludf.DUMMYFUNCTION("""COMPUTED_VALUE"""),"Pro Plan") -> Pro Plan | C16: =IFERROR(__xludf.DUMMYFUNCTION("""COMPUTED_VALUE"""),"Proplan Puppy Somonlu Yavru Köpek Maması 3 Kg") -> Proplan Puppy Somonlu Yavru Köpek Maması 3 Kg | E16: =IFERROR(__xludf.DUMMYFUNCTION("""COMPUTED_VALUE"""),"Köpek Kuru Maması") -> Köpek Kuru Maması | F16: =IFERROR(__xludf.DUMMYFUNCTION("""COMPUTED_VALUE"""),1500.0) -> 1500 | H16: =IFERROR(__xludf.DUMMYFUNCTION("""COMPUTED_VALUE"""),0.0) -> 0 | I16: =IFERROR(__xludf.DUMMYFUNCTION("""COMPUTED_VALUE"""),"Onayli - Satista degil") -> Onayli - Satista degil | J16: =IF($A16="","",IFERROR(VLOOKUP($A16,'Maliyet Giris'!$A$2:$G$550,6,0),"")) -> 1035 | K16: =IF($A16="","",IFERROR(VLOOKUP($A16,'Maliyet Giris'!$A$2:$G$550,7,0),"")) -> 3
A17: =IFERROR(__xludf.DUMMYFUNCTION("""COMPUTED_VALUE"""),7.613035114777E12) -> 7613035114777 | B17: =IFERROR(__xludf.DUMMYFUNCTION("""COMPUTED_VALUE"""),"Pro Plan") -> Pro Plan | C17: =IFERROR(__xludf.DUMMYFUNCTION("""COMPUTED_VALUE"""),"Proplan Medium Somonlu Hassas Yetişkin Köpek Maması 3 Kg") -> Proplan Medium Somonlu Hassas Yetişkin Köpek Maması 3 Kg | E17: =IFERROR(__xludf.DUMMYFUNCTION("""COMPUTED_VALUE"""),"Köpek Kuru Maması") -> Köpek Kuru Maması | F17: =IFERROR(__xludf.DUMMYFUNCTION("""COMPUTED_VALUE"""),1500.0) -> 1500 | H17: =IFERROR(__xludf.DUMMYFUNCTION("""COMPUTED_VALUE"""),0.0) -> 0 | I17: =IFERROR(__xludf.DUMMYFUNCTION("""COMPUTED_VALUE"""),"Onayli - Satista degil") -> Onayli - Satista degil | J17: =IF($A17="","",IFERROR(VLOOKUP($A17,'Maliyet Giris'!$A$2:$G$550,6,0),"")) -> 907 | K17: =IF($A17="","",IFERROR(VLOOKUP($A17,'Maliyet Giris'!$A$2:$G$550,7,0),"")) -> 3
A18: =IFERROR(__xludf.DUMMYFUNCTION("""COMPUTED_VALUE"""),1.10201908E8) -> 110201908 | B18: =IFERROR(__xludf.DUMMYFUNCTION("""COMPUTED_VALUE"""),"Purina Pro Plan") -> Purina Pro Plan | C18: =IFERROR(__xludf.DUMMYFUNCTION("""COMPUTED_VALUE"""),"Sterilised Somonlu Kısır Kedi Maması 3kg") -> Sterilised Somonlu Kısır Kedi Maması 3kg | E18: =IFERROR(__xludf.DUMMYFUNCTION("""COMPUTED_VALUE"""),"Kedi Kuru Maması") -> Kedi Kuru Maması | F18: =IFERROR(__xludf.DUMMYFUNCTION("""COMPUTED_VALUE"""),1645.0) -> 1645 | G18: =IFERROR(__xludf.DUMMYFUNCTION("""COMPUTED_VALUE"""),1645.0) -> 1645 | H18: =IFERROR(__xludf.DUMMYFUNCTION("""COMPUTED_VALUE"""),97.0) -> 97 | I18: =IFERROR(__xludf.DUMMYFUNCTION("""COMPUTED_VALUE"""),"Onayli") -> Onayli | J18: =IF($A18="","",IFERROR(VLOOKUP($A18,'Maliyet Giris'!$A$2:$G$550,6,0),"")) -> 1194 | K18: =IF($A18="","",IFERROR(VLOOKUP($A18,'Maliyet Giris'!$A$2:$G$550,7,0),"")) -> 3
A19: =IFERROR(__xludf.DUMMYFUNCTION("""COMPUTED_VALUE"""),8.40134695853E11) -> 840134695853 | B19: =IFERROR(__xludf.DUMMYFUNCTION("""COMPUTED_VALUE"""),"BARK") -> BARK | C19: =IFERROR(__xludf.DUMMYFUNCTION("""COMPUTED_VALUE"""),"Starbark Beyaz Bardak Köpek Çiğneme Oyuncak - M/L Boy (Ödül Doldurulabilir)") -> Starbark Beyaz Bardak Köpek Çiğneme Oyuncak - M/L Boy (Ödül Doldurulabilir) | E19: =IFERROR(__xludf.DUMMYFUNCTION("""COMPUTED_VALUE"""),"Köpek Oyuncağı") -> Köpek Oyuncağı | F19: =IFERROR(__xludf.DUMMYFUNCTION("""COMPUTED_VALUE"""),2250.0) -> 2250 | G19: =IFERROR(__xludf.DUMMYFUNCTION("""COMPUTED_VALUE"""),1592.91) -> 1592.91 | H19: =IFERROR(__xludf.DUMMYFUNCTION("""COMPUTED_VALUE"""),2.0) -> 2 | I19: =IFERROR(__xludf.DUMMYFUNCTION("""COMPUTED_VALUE"""),"Onayli") -> Onayli | J19: =IF($A19="","",IFERROR(VLOOKUP($A19,'Maliyet Giris'!$A$2:$G$550,6,0),"")) | K19: =IF($A19="","",IFERROR(VLOOKUP($A19,'Maliyet Giris'!$A$2:$G$550,7,0),"")) -> 1
A20: =IFERROR(__xludf.DUMMYFUNCTION("""COMPUTED_VALUE"""),8.40134695921E11) -> 840134695921 | B20: =IFERROR(__xludf.DUMMYFUNCTION("""COMPUTED_VALUE"""),"BARK") -> BARK | C20: =IFERROR(__xludf.DUMMYFUNCTION("""COMPUTED_VALUE"""),"Flingray Sesli Vatos Köpek Oyuncağı") -> Flingray Sesli Vatos Köpek Oyuncağı | E20: =IFERROR(__xludf.DUMMYFUNCTION("""COMPUTED_VALUE"""),"Köpek Oyuncağı") -> Köpek Oyuncağı | F20: =IFERROR(__xludf.DUMMYFUNCTION("""COMPUTED_VALUE"""),2999.0) -> 2999 | G20: =IFERROR(__xludf.DUMMYFUNCTION("""COMPUTED_VALUE"""),2126.52) -> 2126.52 | H20: =IFERROR(__xludf.DUMMYFUNCTION("""COMPUTED_VALUE"""),2.0) -> 2 | I20: =IFERROR(__xludf.DUMMYFUNCTION("""COMPUTED_VALUE"""),"Onayli") -> Onayli | J20: =IF($A20="","",IFERROR(VLOOKUP($A20,'Maliyet Giris'!$A$2:$G$550,6,0),"")) | K20: =IF($A20="","",IFERROR(VLOOKUP($A20,'Maliyet Giris'!$A$2:$G$550,7,0),"")) -> 1
A21: =IFERROR(__xludf.DUMMYFUNCTION("""COMPUTED_VALUE"""),8.40134695938E11) -> 840134695938 | B21: =IFERROR(__xludf.DUMMYFUNCTION("""COMPUTED_VALUE"""),"BARK") -> BARK | C21: =IFERROR(__xludf.DUMMYFUNCTION("""COMPUTED_VALUE"""),"Hambone Çiğneme Köpek Oyuncağı") -> Hambone Çiğneme Köpek Oyuncağı | E21: =IFERROR(__xludf.DUMMYFUNCTION("""COMPUTED_VALUE"""),"Köpek Oyuncağı") -> Köpek Oyuncağı | F21: =IFERROR(__xludf.DUMMYFUNCTION("""COMPUTED_VALUE"""),2750.0) -> 2750 | G21: =IFERROR(__xludf.DUMMYFUNCTION("""COMPUTED_VALUE"""),1914.66) -> 1914.66 | H21: =IFERROR(__xludf.DUMMYFUNCTION("""COMPUTED_VALUE"""),2.0) -> 2 | I21: =IFERROR(__xludf.DUMMYFUNCTION("""COMPUTED_VALUE"""),"Onayli") -> Onayli | J21: =IF($A21="","",IFERROR(VLOOKUP($A21,'Maliyet Giris'!$A$2:$G$550,6,0),"")) | K21: =IF($A21="","",IFERROR(VLOOKUP($A21,'Maliyet Giris'!$A$2:$G$550,7,0),"")) -> 1
A22: =IFERROR(__xludf.DUMMYFUNCTION("""COMPUTED_VALUE"""),8.40134695983E11) -> 840134695983 | B22: =IFERROR(__xludf.DUMMYFUNCTION("""COMPUTED_VALUE"""),"BARK") -> BARK | C22: =IFERROR(__xludf.DUMMYFUNCTION("""COMPUTED_VALUE"""),"Brtha Sesli Ejderha Köpek Oyuncağı") -> Brtha Sesli Ejderha Köpek Oyuncağı | E22: =IFERROR(__xludf.DUMMYFUNCTION("""COMPUTED_VALUE"""),"Köpek Oyuncağı") -> Köpek Oyuncağı | F22: =IFERROR(__xludf.DUMMYFUNCTION("""COMPUTED_VALUE"""),2100.0) -> 2100 | G22: =IFERROR(__xludf.DUMMYFUNCTION("""COMPUTED_VALUE"""),1286.01) -> 1286.01 | H22: =IFERROR(__xludf.DUMMYFUNCTION("""COMPUTED_VALUE"""),2.0) -> 2 | I22: =IFERROR(__xludf.DUMMYFUNCTION("""COMPUTED_VALUE"""),"Onayli") -> Onayli | J22: =IF($A22="","",IFERROR(VLOOKUP($A22,'Maliyet Giris'!$A$2:$G$550,6,0),"")) | K22: =IF($A22="","",IFERROR(VLOOKUP($A22,'Maliyet Giris'!$A$2:$G$550,7,0),"")) -> 1
A23: =IFERROR(__xludf.DUMMYFUNCTION("""COMPUTED_VALUE"""),8.4013469599E11) -> 840134695990 | B23: =IFERROR(__xludf.DUMMYFUNCTION("""COMPUTED_VALUE"""),"BARK") -> BARK | C23: =IFERROR(__xludf.DUMMYFUNCTION("""COMPUTED_VALUE"""),"Acornucopia Çiğneme Köpek Oyuncağı") -> Acornucopia Çiğneme Köpek Oyuncağı | E23: =IFERROR(__xludf.DUMMYFUNCTION("""COMPUTED_VALUE"""),"Köpek Oyuncağı") -> Köpek Oyuncağı | F23: =IFERROR(__xludf.DUMMYFUNCTION("""COMPUTED_VALUE"""),2500.0) -> 2500 | G23: =IFERROR(__xludf.DUMMYFUNCTION("""COMPUTED_VALUE"""),1583.01) -> 1583.01 | H23: =IFERROR(__xludf.DUMMYFUNCTION("""COMPUTED_VALUE"""),2.0) -> 2 | I23: =IFERROR(__xludf.DUMMYFUNCTION("""COMPUTED_VALUE"""),"Onayli") -> Onayli | J23: =IF($A23="","",IFERROR(VLOOKUP($A23,'Maliyet Giris'!$A$2:$G$550,6,0),"")) | K23: =IF($A23="","",IFERROR(VLOOKUP($A23,'Maliyet Giris'!$A$2:$G$550,7,0),"")) -> 1
A24: =IFERROR(__xludf.DUMMYFUNCTION("""COMPUTED_VALUE"""),8.40134696355E11) -> 840134696355 | B24: =IFERROR(__xludf.DUMMYFUNCTION("""COMPUTED_VALUE"""),"BARK") -> BARK | C24: =IFERROR(__xludf.DUMMYFUNCTION("""COMPUTED_VALUE"""),"Turnt Turp Köpek Oyuncağı") -> Turnt Turp Köpek Oyuncağı | E24: =IFERROR(__xludf.DUMMYFUNCTION("""COMPUTED_VALUE"""),"Köpek Oyuncağı") -> Köpek Oyuncağı | F24: =IFERROR(__xludf.DUMMYFUNCTION("""COMPUTED_VALUE"""),2750.0) -> 2750 | G24: =IFERROR(__xludf.DUMMYFUNCTION("""COMPUTED_VALUE"""),1999.0) -> 1999 | H24: =IFERROR(__xludf.DUMMYFUNCTION("""COMPUTED_VALUE"""),2.0) -> 2 | I24: =IFERROR(__xludf.DUMMYFUNCTION("""COMPUTED_VALUE"""),"Onayli") -> Onayli | J24: =IF($A24="","",IFERROR(VLOOKUP($A24,'Maliyet Giris'!$A$2:$G$550,6,0),"")) | K24: =IF($A24="","",IFERROR(VLOOKUP($A24,'Maliyet Giris'!$A$2:$G$550,7,0),"")) -> 1
A25: =IFERROR(__xludf.DUMMYFUNCTION("""COMPUTED_VALUE"""),8.40134696461E11) -> 840134696461 | B25: =IFERROR(__xludf.DUMMYFUNCTION("""COMPUTED_VALUE"""),"BARK") -> BARK | C25: =IFERROR(__xludf.DUMMYFUNCTION("""COMPUTED_VALUE"""),"Fetch Dal Köpek Oyuncağı") -> Fetch Dal Köpek Oyuncağı | E25: =IFERROR(__xludf.DUMMYFUNCTION("""COMPUTED_VALUE"""),"Köpek Oyuncağı") -> Köpek Oyuncağı | F25: =IFERROR(__xludf.DUMMYFUNCTION("""COMPUTED_VALUE"""),2150.0) -> 2150 | G25: =IFERROR(__xludf.DUMMYFUNCTION("""COMPUTED_VALUE"""),1484.01) -> 1484.01 | H25: =IFERROR(__xludf.DUMMYFUNCTION("""COMPUTED_VALUE"""),2.0) -> 2 | I25: =IFERROR(__xludf.DUMMYFUNCTION("""COMPUTED_VALUE"""),"Onayli") -> Onayli | J25: =IF($A25="","",IFERROR(VLOOKUP($A25,'Maliyet Giris'!$A$2:$G$550,6,0),"")) | K25: =IF($A25="","",IFERROR(VLOOKUP($A25,'Maliyet Giris'!$A$2:$G$550,7,0),"")) -> 1
A26: =IFERROR(__xludf.DUMMYFUNCTION("""COMPUTED_VALUE"""),8.40134696485E11) -> 840134696485 | B26: =IFERROR(__xludf.DUMMYFUNCTION("""COMPUTED_VALUE"""),"BARK") -> BARK | C26: =IFERROR(__xludf.DUMMYFUNCTION("""COMPUTED_VALUE"""),"Beaver Kunduz Köpek Oyuncağı") -> Beaver Kunduz Köpek Oyuncağı | E26: =IFERROR(__xludf.DUMMYFUNCTION("""COMPUTED_VALUE"""),"Köpek Oyuncağı") -> Köpek Oyuncağı | F26: =IFERROR(__xludf.DUMMYFUNCTION("""COMPUTED_VALUE"""),1950.0) -> 1950 | G26: =IFERROR(__xludf.DUMMYFUNCTION("""COMPUTED_VALUE"""),1557.27) -> 1557.27 | H26: =IFERROR(__xludf.DUMMYFUNCTION("""COMPUTED_VALUE"""),2.0) -> 2 | I26: =IFERROR(__xludf.DUMMYFUNCTION("""COMPUTED_VALUE"""),"Onayli") -> Onayli | J26: =IF($A26="","",IFERROR(VLOOKUP($A26,'Maliyet Giris'!$A$2:$G$550,6,0),"")) | K26: =IF($A26="","",IFERROR(VLOOKUP($A26,'Maliyet Giris'!$A$2:$G$550,7,0),"")) -> 1
A27: =IFERROR(__xludf.DUMMYFUNCTION("""COMPUTED_VALUE"""),"11111111111115115") -> 11111111111115115 | B27: =IFERROR(__xludf.DUMMYFUNCTION("""COMPUTED_VALUE"""),"Beaphar") -> Beaphar | C27: =IFERROR(__xludf.DUMMYFUNCTION("""COMPUTED_VALUE"""),"Duo Malt Paste Tüy Yumağı Kontrol Kedi Macunu 100 gr - 2 Adet") -> Duo Malt Paste Tüy Yumağı Kontrol Kedi Macunu 100 gr - 2 Adet | E27: =IFERROR(__xludf.DUMMYFUNCTION("""COMPUTED_VALUE"""),"Kedi Vitamini") -> Kedi Vitamini | F27: =IFERROR(__xludf.DUMMYFUNCTION("""COMPUTED_VALUE"""),645.0) -> 645 | H27: =IFERROR(__xludf.DUMMYFUNCTION("""COMPUTED_VALUE"""),0.0) -> 0 | I27: =IFERROR(__xludf.DUMMYFUNCTION("""COMPUTED_VALUE"""),"Onayli - Satista degil") -> Onayli - Satista degil | J27: =IF($A27="","",IFERROR(VLOOKUP($A27,'Maliyet Giris'!$A$2:$G$550,6,0),"")) | K27: =IF($A27="","",IFERROR(VLOOKUP($A27,'Maliyet Giris'!$A$2:$G$550,7,0),"")) -> 0.5
A28: =IFERROR(__xludf.DUMMYFUNCTION("""COMPUTED_VALUE"""),8.711231170357E12) -> 8711231170357 | B28: =IFERROR(__xludf.DUMMYFUNCTION("""COMPUTED_VALUE"""),"Beaphar") -> Beaphar | C28: =IFERROR(__xludf.DUMMYFUNCTION("""COMPUTED_VALUE"""),"Duo Malt Paste Tüy Yumağı Kontrol Kedi Macunu 100 Gr") -> Duo Malt Paste Tüy Yumağı Kontrol Kedi Macunu 100 Gr | E28: =IFERROR(__xludf.DUMMYFUNCTION("""COMPUTED_VALUE"""),"Kedi Vitamini") -> Kedi Vitamini | F28: =IFERROR(__xludf.DUMMYFUNCTION("""COMPUTED_VALUE"""),149.0) -> 149 | H28: =IFERROR(__xludf.DUMMYFUNCTION("""COMPUTED_VALUE"""),0.0) -> 0 | I28: =IFERROR(__xludf.DUMMYFUNCTION("""COMPUTED_VALUE"""),"Onayli - Satista degil") -> Onayli - Satista degil | J28: =IF($A28="","",IFERROR(VLOOKUP($A28,'Maliyet Giris'!$A$2:$G$550,6,0),"")) | K28: =IF($A28="","",IFERROR(VLOOKUP($A28,'Maliyet Giris'!$A$2:$G$550,7,0),"")) -> 0.5
A29: =IFERROR(__xludf.DUMMYFUNCTION("""COMPUTED_VALUE"""),"TYBWE0JQNGP76NQ209") -> TYBWE0JQNGP76NQ209 | B29: =IFERROR(__xludf.DUMMYFUNCTION("""COMPUTED_VALUE"""),"Beaphar") -> Beaphar | C29: =IFERROR(__xludf.DUMMYFUNCTION("""COMPUTED_VALUE"""),"Duo Active Tüy Yumağı Önleyici Malt Kedi Macunu 100 gr X 3 Adet") -> Duo Active Tüy Yumağı Önleyici Malt Kedi Macunu 100 gr X 3 Adet | E29: =IFERROR(__xludf.DUMMYFUNCTION("""COMPUTED_VALUE"""),"Kedi Sağlık Ürünü") -> Kedi Sağlık Ürünü | F29: =IFERROR(__xludf.DUMMYFUNCTION("""COMPUTED_VALUE"""),750.0) -> 750 | H29: =IFERROR(__xludf.DUMMYFUNCTION("""COMPUTED_VALUE"""),0.0) -> 0 | I29: =IFERROR(__xludf.DUMMYFUNCTION("""COMPUTED_VALUE"""),"Onayli - Satista degil") -> Onayli - Satista degil | J29: =IF($A29="","",IFERROR(VLOOKUP($A29,'Maliyet Giris'!$A$2:$G$550,6,0),"")) | K29: =IF($A29="","",IFERROR(VLOOKUP($A29,'Maliyet Giris'!$A$2:$G$550,7,0),"")) -> 1
A30: =IFERROR(__xludf.DUMMYFUNCTION("""COMPUTED_VALUE"""),2.10420241807E11) -> 210420241807 | B30: =IFERROR(__xludf.DUMMYFUNCTION("""COMPUTED_VALUE"""),"N&D") -> N&D | C30: =IFERROR(__xludf.DUMMYFUNCTION("""COMPUTED_VALUE"""),"ND KEDİ MAMASI TROPICAL SELECTİON KISIRLAŞTIRILMIŞ KUZULU 10 KG 1 ADET") -> ND KEDİ MAMASI TROPICAL SELECTİON KISIRLAŞTIRILMIŞ KUZULU 10 KG 1 ADET | E30: =IFERROR(__xludf.DUMMYFUNCTION("""COMPUTED_VALUE"""),"Kedi Kuru Maması") -> Kedi Kuru Maması | F30: =IFERROR(__xludf.DUMMYFUNCTION("""COMPUTED_VALUE"""),3905.0) -> 3905 | G30: =IFERROR(__xludf.DUMMYFUNCTION("""COMPUTED_VALUE"""),3899.0) -> 3899 | H30: =IFERROR(__xludf.DUMMYFUNCTION("""COMPUTED_VALUE"""),5.0) -> 5 | I30: =IFERROR(__xludf.DUMMYFUNCTION("""COMPUTED_VALUE"""),"Onayli") -> Onayli | J30: =IF($A30="","",IFERROR(VLOOKUP($A30,'Maliyet Giris'!$A$2:$G$550,6,0),"")) -> 2944 | K30: =IF($A30="","",IFERROR(VLOOKUP($A30,'Maliyet Giris'!$A$2:$G$550,7,0),"")) -> 10
A31: =IFERROR(__xludf.DUMMYFUNCTION("""COMPUTED_VALUE"""),8.010276042149E12) -> 8010276042149 | B31: =IFERROR(__xludf.DUMMYFUNCTION("""COMPUTED_VALUE"""),"N&D") -> N&D | C31: =IFERROR(__xludf.DUMMYFUNCTION("""COMPUTED_VALUE"""),"Tropical Kuzu Etli Kısırlaştırılmış Kedi Maması 10 KG") -> Tropical Kuzu Etli Kısırlaştırılmış Kedi Maması 10 KG | E31: =IFERROR(__xludf.DUMMYFUNCTION("""COMPUTED_VALUE"""),"Kedi Kuru Maması") -> Kedi Kuru Maması | F31: =IFERROR(__xludf.DUMMYFUNCTION("""COMPUTED_VALUE"""),3900.0) -> 3900 | G31: =IFERROR(__xludf.DUMMYFUNCTION("""COMPUTED_VALUE"""),3872.0) -> 3872 | H31: =IFERROR(__xludf.DUMMYFUNCTION("""COMPUTED_VALUE"""),15.0) -> 15 | I31: =IFERROR(__xludf.DUMMYFUNCTION("""COMPUTED_VALUE"""),"Onayli") -> Onayli | J31: =IF($A31="","",IFERROR(VLOOKUP($A31,'Maliyet Giris'!$A$2:$G$550,6,0),"")) -> 2944 | K31: =IF($A31="","",IFERROR(VLOOKUP($A31,'Maliyet Giris'!$A$2:$G$550,7,0),"")) -> 10
A32: =IFERROR(__xludf.DUMMYFUNCTION("""COMPUTED_VALUE"""),5.060412212489E12) -> 5060412212489 | B32: =IFERROR(__xludf.DUMMYFUNCTION("""COMPUTED_VALUE"""),"Ever Clean") -> Ever Clean | C32: =IFERROR(__xludf.DUMMYFUNCTION("""COMPUTED_VALUE"""),"Fast Acting 10 lt.") -> Fast Acting 10 lt. | E32: =IFERROR(__xludf.DUMMYFUNCTION("""COMPUTED_VALUE"""),"Kedi Kumu") -> Kedi Kumu | F32: =IFERROR(__xludf.DUMMYFUNCTION("""COMPUTED_VALUE"""),1200.0) -> 1200 | G32: =IFERROR(__xludf.DUMMYFUNCTION("""COMPUTED_VALUE"""),1169.1) -> 1169.1 | H32: =IFERROR(__xludf.DUMMYFUNCTION("""COMPUTED_VALUE"""),99.0) -> 99 | I32: =IFERROR(__xludf.DUMMYFUNCTION("""COMPUTED_VALUE"""),"Onayli") -> Onayli | J32: =IF($A32="","",IFERROR(VLOOKUP($A32,'Maliyet Giris'!$A$2:$G$550,6,0),"")) | K32: =IF($A32="","",IFERROR(VLOOKUP($A32,'Maliyet Giris'!$A$2:$G$550,7,0),"")) -> 2
A33: =IFERROR(__xludf.DUMMYFUNCTION("""COMPUTED_VALUE"""),5.060255492253E12) -> 5060255492253 | B33: =IFERROR(__xludf.DUMMYFUNCTION("""COMPUTED_VALUE"""),"Ever Clean") -> Ever Clean | C33: =IFERROR(__xludf.DUMMYFUNCTION("""COMPUTED_VALUE"""),"Multiple Cat Kedi Kumu 10 Lt") -> Multiple Cat Kedi Kumu 10 Lt | E33: =IFERROR(__xludf.DUMMYFUNCTION("""COMPUTED_VALUE"""),"Kedi Kumu") -> Kedi Kumu | F33: =IFERROR(__xludf.DUMMYFUNCTION("""COMPUTED_VALUE"""),1400.0) -> 1400 | G33: =IFERROR(__xludf.DUMMYFUNCTION("""COMPUTED_VALUE"""),1124.1) -> 1124.1 | H33: =IFERROR(__xludf.DUMMYFUNCTION("""COMPUTED_VALUE"""),98.0) -> 98 | I33: =IFERROR(__xludf.DUMMYFUNCTION("""COMPUTED_VALUE"""),"Onayli") -> Onayli | J33: =IF($A33="","",IFERROR(VLOOKUP($A33,'Maliyet Giris'!$A$2:$G$550,6,0),"")) | K33: =IF($A33="","",IFERROR(VLOOKUP($A33,'Maliyet Giris'!$A$2:$G$550,7,0),"")) -> 2
A34: =IFERROR(__xludf.DUMMYFUNCTION("""COMPUTED_VALUE"""),5.060255492291E12) -> 5060255492291 | B34: =IFERROR(__xludf.DUMMYFUNCTION("""COMPUTED_VALUE"""),"Ever Clean") -> Ever Clean | C34: =IFERROR(__xludf.DUMMYFUNCTION("""COMPUTED_VALUE"""),"Lavender Lavanta Kokulu Ince Taneli Topaklaşan Kedi Kumu 10 L") -> Lavender Lavanta Kokulu Ince Taneli Topaklaşan Kedi Kumu 10 L | E34: =IFERROR(__xludf.DUMMYFUNCTION("""COMPUTED_VALUE"""),"Kedi Kumu") -> Kedi Kumu | F34: =IFERROR(__xludf.DUMMYFUNCTION("""COMPUTED_VALUE"""),1200.0) -> 1200 | G34: =IFERROR(__xludf.DUMMYFUNCTION("""COMPUTED_VALUE"""),1048.5) -> 1048.5 | H34: =IFERROR(__xludf.DUMMYFUNCTION("""COMPUTED_VALUE"""),99.0) -> 99 | I34: =IFERROR(__xludf.DUMMYFUNCTION("""COMPUTED_VALUE"""),"Onayli") -> Onayli | J34: =IF($A34="","",IFERROR(VLOOKUP($A34,'Maliyet Giris'!$A$2:$G$550,6,0),"")) | K34: =IF($A34="","",IFERROR(VLOOKUP($A34,'Maliyet Giris'!$A$2:$G$550,7,0),"")) -> 2
A35: =IFERROR(__xludf.DUMMYFUNCTION("""COMPUTED_VALUE"""),"TYBFX202T4NBR94F79") -> TYBFX202T4NBR94F79 | B35: =IFERROR(__xludf.DUMMYFUNCTION("""COMPUTED_VALUE"""),"Ever Clean") -> Ever Clean | C35: =IFERROR(__xludf.DUMMYFUNCTION("""COMPUTED_VALUE"""),"Extra Strong Scented Kedi Kumu 10 Lt") -> Extra Strong Scented Kedi Kumu 10 Lt | E35: =IFERROR(__xludf.DUMMYFUNCTION("""COMPUTED_VALUE"""),"Kedi Kumu") -> Kedi Kumu | F35: =IFERROR(__xludf.DUMMYFUNCTION("""COMPUTED_VALUE"""),1200.0) -> 1200 | H35: =IFERROR(__xludf.DUMMYFUNCTION("""COMPUTED_VALUE"""),0.0) -> 0 | I35: =IFERROR(__xludf.DUMMYFUNCTION("""COMPUTED_VALUE"""),"Onayli - Satista degil") -> Onayli - Satista degil | J35: =IF($A35="","",IFERROR(VLOOKUP($A35,'Maliyet Giris'!$A$2:$G$550,6,0),"")) | K35: =IF($A35="","",IFERROR(VLOOKUP($A35,'Maliyet Giris'!$A$2:$G$550,7,0),"")) -> 2
A36: =IFERROR(__xludf.DUMMYFUNCTION("""COMPUTED_VALUE"""),"AK73LD91") -> AK73LD91 | B36: =IFERROR(__xludf.DUMMYFUNCTION("""COMPUTED_VALUE"""),"Ever Clean") -> Ever Clean | C36: =IFERROR(__xludf.DUMMYFUNCTION("""COMPUTED_VALUE"""),"Less Trail (patilere Yapışmayan) Kedi Kumu 10 Lt X 2 Adet") -> Less Trail (patilere Yapışmayan) Kedi Kumu 10 Lt X 2 Adet | E36: =IFERROR(__xludf.DUMMYFUNCTION("""COMPUTED_VALUE"""),"Kedi Kumu") -> Kedi Kumu | F36: =IFERROR(__xludf.DUMMYFUNCTION("""COMPUTED_VALUE"""),2500.0) -> 2500 | G36: =IFERROR(__xludf.DUMMYFUNCTION("""COMPUTED_VALUE"""),2119.5) -> 2119.5 | H36: =IFERROR(__xludf.DUMMYFUNCTION("""COMPUTED_VALUE"""),100.0) -> 100 | I36: =IFERROR(__xludf.DUMMYFUNCTION("""COMPUTED_VALUE"""),"Onayli") -> Onayli | J36: =IF($A36="","",IFERROR(VLOOKUP($A36,'Maliyet Giris'!$A$2:$G$550,6,0),"")) | K36: =IF($A36="","",IFERROR(VLOOKUP($A36,'Maliyet Giris'!$A$2:$G$550,7,0),"")) -> 2
A37: =IFERROR(__xludf.DUMMYFUNCTION("""COMPUTED_VALUE"""),"TYBUAJE2I9OWF7YM95") -> TYBUAJE2I9OWF7YM95 | B37: =IFERROR(__xludf.DUMMYFUNCTION("""COMPUTED_VALUE"""),"Ever Clean") -> Ever Clean | C37: =IFERROR(__xludf.DUMMYFUNCTION("""COMPUTED_VALUE"""),"Litter Free Paws Patilere Yapışmayan Kedi Kumu 2 X 10 L") -> Litter Free Paws Patilere Yapışmayan Kedi Kumu 2 X 10 L | E37: =IFERROR(__xludf.DUMMYFUNCTION("""COMPUTED_VALUE"""),"Kedi Kumu") -> Kedi Kumu | F37: =IFERROR(__xludf.DUMMYFUNCTION("""COMPUTED_VALUE"""),2500.0) -> 2500 | G37: =IFERROR(__xludf.DUMMYFUNCTION("""COMPUTED_VALUE"""),2016.0) -> 2016 | H37: =IFERROR(__xludf.DUMMYFUNCTION("""COMPUTED_VALUE"""),95.0) -> 95 | I37: =IFERROR(__xludf.DUMMYFUNCTION("""COMPUTED_VALUE"""),"Onayli") -> Onayli | J37: =IF($A37="","",IFERROR(VLOOKUP($A37,'Maliyet Giris'!$A$2:$G$550,6,0),"")) | K37: =IF($A37="","",IFERROR(VLOOKUP($A37,'Maliyet Giris'!$A$2:$G$550,7,0),"")) -> 2
A38: =IFERROR(__xludf.DUMMYFUNCTION("""COMPUTED_VALUE"""),5.060255492192E12) -> 5060255492192 | B38: =IFERROR(__xludf.DUMMYFUNCTION("""COMPUTED_VALUE"""),"Ever Clean") -> Ever Clean | C38: =IFERROR(__xludf.DUMMYFUNCTION("""COMPUTED_VALUE"""),"Less Pass(PATİLERE YAPIŞMAYAN) Kedi Kumu 10 Lt") -> Less Pass(PATİLERE YAPIŞMAYAN) Kedi Kumu 10 Lt | E38: =IFERROR(__xludf.DUMMYFUNCTION("""COMPUTED_VALUE"""),"Kedi Kumu") -> Kedi Kumu | F38: =IFERROR(__xludf.DUMMYFUNCTION("""COMPUTED_VALUE"""),1200.0) -> 1200 | G38: =IFERROR(__xludf.DUMMYFUNCTION("""COMPUTED_VALUE"""),1000.0) -> 1000 | H38: =IFERROR(__xludf.DUMMYFUNCTION("""COMPUTED_VALUE"""),100.0) -> 100 | I38: =IFERROR(__xludf.DUMMYFUNCTION("""COMPUTED_VALUE"""),"Onayli") -> Onayli | J38: =IF($A38="","",IFERROR(VLOOKUP($A38,'Maliyet Giris'!$A$2:$G$550,6,0),"")) | K38: =IF($A38="","",IFERROR(VLOOKUP($A38,'Maliyet Giris'!$A$2:$G$550,7,0),"")) -> 2
A39: =IFERROR(__xludf.DUMMYFUNCTION("""COMPUTED_VALUE"""),5.060255492161E12) -> 5060255492161 | B39: =IFERROR(__xludf.DUMMYFUNCTION("""COMPUTED_VALUE"""),"Ever Clean") -> Ever Clean | C39: =IFERROR(__xludf.DUMMYFUNCTION("""COMPUTED_VALUE"""),"Extra Strength Scented Koku Engelleyici Doğal Kedi Kumu 10 Lt") -> Extra Strength Scented Koku Engelleyici Doğal Kedi Kumu 10 Lt | E39: =IFERROR(__xludf.DUMMYFUNCTION("""COMPUTED_VALUE"""),"Kedi Kumu") -> Kedi Kumu | F39: =IFERROR(__xludf.DUMMYFUNCTION("""COMPUTED_VALUE"""),1399.0) -> 1399 | G39: =IFERROR(__xludf.DUMMYFUNCTION("""COMPUTED_VALUE"""),1169.1) -> 1169.1 | H39: =IFERROR(__xludf.DUMMYFUNCTION("""COMPUTED_VALUE"""),1.0) -> 1 | I39: =IFERROR(__xludf.DUMMYFUNCTION("""COMPUTED_VALUE"""),"Onayli") -> Onayli | J39: =IF($A39="","",IFERROR(VLOOKUP($A39,'Maliyet Giris'!$A$2:$G$550,6,0),"")) -> 800 | K39: =IF($A39="","",IFERROR(VLOOKUP($A39,'Maliyet Giris'!$A$2:$G$550,7,0),"")) -> 2
A40: =IFERROR(__xludf.DUMMYFUNCTION("""COMPUTED_VALUE"""),5.060412214117E12) -> 5060412214117 | B40: =IFERROR(__xludf.DUMMYFUNCTION("""COMPUTED_VALUE"""),"Ever Clean") -> Ever Clean | C40: =IFERROR(__xludf.DUMMYFUNCTION("""COMPUTED_VALUE"""),"LitterFree Paws 10 Lt") -> LitterFree Paws 10 Lt | E40: =IFERROR(__xludf.DUMMYFUNCTION("""COMPUTED_VALUE"""),"Kedi Kumu") -> Kedi Kumu | F40: =IFERROR(__xludf.DUMMYFUNCTION("""COMPUTED_VALUE"""),1200.0) -> 1200 | G40: =IFERROR(__xludf.DUMMYFUNCTION("""COMPUTED_VALUE"""),1047.6) -> 1047.6 | H40: =IFERROR(__xludf.DUMMYFUNCTION("""COMPUTED_VALUE"""),100.0) -> 100 | I40: =IFERROR(__xludf.DUMMYFUNCTION("""COMPUTED_VALUE"""),"Onayli") -> Onayli | J40: =IF($A40="","",IFERROR(VLOOKUP($A40,'Maliyet Giris'!$A$2:$G$550,6,0),"")) | K40: =IF($A40="","",IFERROR(VLOOKUP($A40,'Maliyet Giris'!$A$2:$G$550,7,0),"")) -> 2
A41: =IFERROR(__xludf.DUMMYFUNCTION("""COMPUTED_VALUE"""),8.410650173535E12) -> 8410650173535 | B41: =IFERROR(__xludf.DUMMYFUNCTION("""COMPUTED_VALUE"""),"Advance") -> Advance | C41: =IFERROR(__xludf.DUMMYFUNCTION("""COMPUTED_VALUE"""),"Sensitive Kuzu Etli Hassas Yetişkin Köpek Maması 12 Kg") -> Sensitive Kuzu Etli Hassas Yetişkin Köpek Maması 12 Kg | E41: =IFERROR(__xludf.DUMMYFUNCTION("""COMPUTED_VALUE"""),"Köpek Kuru Maması") -> Köpek Kuru Maması | F41: =IFERROR(__xludf.DUMMYFUNCTION("""COMPUTED_VALUE"""),4250.0) -> 4250 | G41: =IFERROR(__xludf.DUMMYFUNCTION("""COMPUTED_VALUE"""),3729.0) -> 3729 | H41: =IFERROR(__xludf.DUMMYFUNCTION("""COMPUTED_VALUE"""),1.0) -> 1 | I41: =IFERROR(__xludf.DUMMYFUNCTION("""COMPUTED_VALUE"""),"Onayli") -> Onayli | J41: =IF($A41="","",IFERROR(VLOOKUP($A41,'Maliyet Giris'!$A$2:$G$550,6,0),"")) -> 3034 | K41: =IF($A41="","",IFERROR(VLOOKUP($A41,'Maliyet Giris'!$A$2:$G$550,7,0),"")) -> 10
A42: =IFERROR(__xludf.DUMMYFUNCTION("""COMPUTED_VALUE"""),8.410650167886E12) -> 8410650167886 | B42: =IFERROR(__xludf.DUMMYFUNCTION("""COMPUTED_VALUE"""),"Advance") -> Advance | C42: =IFERROR(__xludf.DUMMYFUNCTION("""COMPUTED_VALUE"""),"Kedi Yetişkin Kısır Somonlu 1.5 Kg") -> Kedi Yetişkin Kısır Somonlu 1.5 Kg | E42: =IFERROR(__xludf.DUMMYFUNCTION("""COMPUTED_VALUE"""),"Kedi Kuru Maması") -> Kedi Kuru Maması | F42: =IFERROR(__xludf.DUMMYFUNCTION("""COMPUTED_VALUE"""),940.0) -> 940 | G42: =IFERROR(__xludf.DUMMYFUNCTION("""COMPUTED_VALUE"""),980.0) -> 980 | H42: =IFERROR(__xludf.DUMMYFUNCTION("""COMPUTED_VALUE"""),28.0) -> 28 | I42: =IFERROR(__xludf.DUMMYFUNCTION("""COMPUTED_VALUE"""),"Onayli") -> Onayli | J42: =IF($A42="","",IFERROR(VLOOKUP($A42,'Maliyet Giris'!$A$2:$G$550,6,0),"")) -> 715 | K42: =IF($A42="","",IFERROR(VLOOKUP($A42,'Maliyet Giris'!$A$2:$G$550,7,0),"")) -> 3
A43: =IFERROR(__xludf.DUMMYFUNCTION("""COMPUTED_VALUE"""),8.410650239156E12) -> 8410650239156 | B43: =IFERROR(__xludf.DUMMYFUNCTION("""COMPUTED_VALUE"""),"Advance") -> Advance | C43: =IFERROR(__xludf.DUMMYFUNCTION("""COMPUTED_VALUE"""),"Cat Sterilized Hairball Hindili Kısır Kedi Maması 3 Kg") -> Cat Sterilized Hairball Hindili Kısır Kedi Maması 3 Kg | E43: =IFERROR(__xludf.DUMMYFUNCTION("""COMPUTED_VALUE"""),"Kedi Kuru Maması") -> Kedi Kuru Maması | F43: =IFERROR(__xludf.DUMMYFUNCTION("""COMPUTED_VALUE"""),1728.0) -> 1728 | G43: =IFERROR(__xludf.DUMMYFUNCTION("""COMPUTED_VALUE"""),1698.0) -> 1698 | H43: =IFERROR(__xludf.DUMMYFUNCTION("""COMPUTED_VALUE"""),11.0) -> 11 | I43: =IFERROR(__xludf.DUMMYFUNCTION("""COMPUTED_VALUE"""),"Onayli") -> Onayli | J43: =IF($A43="","",IFERROR(VLOOKUP($A43,'Maliyet Giris'!$A$2:$G$550,6,0),"")) -> 1260 | K43: =IF($A43="","",IFERROR(VLOOKUP($A43,'Maliyet Giris'!$A$2:$G$550,7,0),"")) -> 3
A44: =IFERROR(__xludf.DUMMYFUNCTION("""COMPUTED_VALUE"""),8.410650151656E12) -> 8410650151656 | B44: =IFERROR(__xludf.DUMMYFUNCTION("""COMPUTED_VALUE"""),"Advance") -> Advance | C44: =IFERROR(__xludf.DUMMYFUNCTION("""COMPUTED_VALUE"""),"Cat Adult Salmon Sensıtıve 3 Kg") -> Cat Adult Salmon Sensıtıve 3 Kg | E44: =IFERROR(__xludf.DUMMYFUNCTION("""COMPUTED_VALUE"""),"Kedi Kuru Maması") -> Kedi Kuru Maması | F44: =IFERROR(__xludf.DUMMYFUNCTION("""COMPUTED_VALUE"""),1630.0) -> 1630 | H44: =IFERROR(__xludf.DUMMYFUNCTION("""COMPUTED_VALUE"""),0.0) -> 0 | I44: =IFERROR(__xludf.DUMMYFUNCTION("""COMPUTED_VALUE"""),"Onayli - Satista degil") -> Onayli - Satista degil | J44: =IF($A44="","",IFERROR(VLOOKUP($A44,'Maliyet Giris'!$A$2:$G$550,6,0),"")) -> 1228 | K44: =IF($A44="","",IFERROR(VLOOKUP($A44,'Maliyet Giris'!$A$2:$G$550,7,0),"")) -> 3
A45: =IFERROR(__xludf.DUMMYFUNCTION("""COMPUTED_VALUE"""),8.410650218663E12) -> 8410650218663 | B45: =IFERROR(__xludf.DUMMYFUNCTION("""COMPUTED_VALUE"""),"Advance") -> Advance | C45: =IFERROR(__xludf.DUMMYFUNCTION("""COMPUTED_VALUE"""),"Cat Sterilized Kısırlaştırılmış Somonlu Kedi Maması 10 Kg") -> Cat Sterilized Kısırlaştırılmış Somonlu Kedi Maması 10 Kg | E45: =IFERROR(__xludf.DUMMYFUNCTION("""COMPUTED_VALUE"""),"Kedi Kuru Maması") -> Kedi Kuru Maması | F45: =IFERROR(__xludf.DUMMYFUNCTION("""COMPUTED_VALUE"""),4515.0) -> 4515 | H45: =IFERROR(__xludf.DUMMYFUNCTION("""COMPUTED_VALUE"""),0.0) -> 0 | I45: =IFERROR(__xludf.DUMMYFUNCTION("""COMPUTED_VALUE"""),"Onayli - Satista degil") -> Onayli - Satista degil | J45: =IF($A45="","",IFERROR(VLOOKUP($A45,'Maliyet Giris'!$A$2:$G$550,6,0),"")) -> 3556 | K45: =IF($A45="","",IFERROR(VLOOKUP($A45,'Maliyet Giris'!$A$2:$G$550,7,0),"")) -> 10
A46: =IFERROR(__xludf.DUMMYFUNCTION("""COMPUTED_VALUE"""),8.410650167909E12) -> 8410650167909 | B46: =IFERROR(__xludf.DUMMYFUNCTION("""COMPUTED_VALUE"""),"Advance") -> Advance | C46: =IFERROR(__xludf.DUMMYFUNCTION("""COMPUTED_VALUE"""),"Sensitive Somonlu Hassas Kısırlaştırılmış Kedi Maması 3 Kg") -> Sensitive Somonlu Hassas Kısırlaştırılmış Kedi Maması 3 Kg | E46: =IFERROR(__xludf.DUMMYFUNCTION("""COMPUTED_VALUE"""),"Kedi Kuru Maması") -> Kedi Kuru Maması | F46: =IFERROR(__xludf.DUMMYFUNCTION("""COMPUTED_VALUE"""),1800.0) -> 1800 | G46: =IFERROR(__xludf.DUMMYFUNCTION("""COMPUTED_VALUE"""),1799.0) -> 1799 | H46: =IFERROR(__xludf.DUMMYFUNCTION("""COMPUTED_VALUE"""),5.0) -> 5 | I46: =IFERROR(__xludf.DUMMYFUNCTION("""COMPUTED_VALUE"""),"Onayli") -> Onayli | J46: =IF($A46="","",IFERROR(VLOOKUP($A46,'Maliyet Giris'!$A$2:$G$550,6,0),"")) -> 1228 | K46: =IF($A46="","",IFERROR(VLOOKUP($A46,'Maliyet Giris'!$A$2:$G$550,7,0),"")) -> 3
A47: =IFERROR(__xludf.DUMMYFUNCTION("""COMPUTED_VALUE"""),8.005852171108E12) -> 8005852171108 | B47: =IFERROR(__xludf.DUMMYFUNCTION("""COMPUTED_VALUE"""),"Schesir") -> Schesir | C47: =IFERROR(__xludf.DUMMYFUNCTION("""COMPUTED_VALUE"""),"Jelly Ton Balıklı Tavuk Ve Karidesli Kedi Yaş Maması 85gr Skt:09/2024") -> Jelly Ton Balıklı Tavuk Ve Karidesli Kedi Yaş Maması 85gr Skt:09/2024 | E47: =IFERROR(__xludf.DUMMYFUNCTION("""COMPUTED_VALUE"""),"Kedi Konserve Maması") -> Kedi Konserve Maması | F47: =IFERROR(__xludf.DUMMYFUNCTION("""COMPUTED_VALUE"""),175.0) -> 175 | G47: =IFERROR(__xludf.DUMMYFUNCTION("""COMPUTED_VALUE"""),175.0) -> 175 | H47: =IFERROR(__xludf.DUMMYFUNCTION("""COMPUTED_VALUE"""),90.0) -> 90 | I47: =IFERROR(__xludf.DUMMYFUNCTION("""COMPUTED_VALUE"""),"Onayli") -> Onayli | J47: =IF($A47="","",IFERROR(VLOOKUP($A47,'Maliyet Giris'!$A$2:$G$550,6,0),"")) | K47: =IF($A47="","",IFERROR(VLOOKUP($A47,'Maliyet Giris'!$A$2:$G$550,7,0),"")) -> 3
A48: =IFERROR(__xludf.DUMMYFUNCTION("""COMPUTED_VALUE"""),8.005852171054E12) -> 8005852171054 | B48: =IFERROR(__xludf.DUMMYFUNCTION("""COMPUTED_VALUE"""),"Schesir") -> Schesir | C48: =IFERROR(__xludf.DUMMYFUNCTION("""COMPUTED_VALUE"""),"Jelly Ton Balıklı ve Levrekli Pouch Kedi Konservesi 85 Gr") -> Jelly Ton Balıklı ve Levrekli Pouch Kedi Konservesi 85 Gr | E48: =IFERROR(__xludf.DUMMYFUNCTION("""COMPUTED_VALUE"""),"Kedi Konserve Maması") -> Kedi Konserve Maması | F48: =IFERROR(__xludf.DUMMYFUNCTION("""COMPUTED_VALUE"""),259.0) -> 259 | G48: =IFERROR(__xludf.DUMMYFUNCTION("""COMPUTED_VALUE"""),259.0) -> 259 | H48: =IFERROR(__xludf.DUMMYFUNCTION("""COMPUTED_VALUE"""),20.0) -> 20 | I48: =IFERROR(__xludf.DUMMYFUNCTION("""COMPUTED_VALUE"""),"Onayli") -> Onayli | J48: =IF($A48="","",IFERROR(VLOOKUP($A48,'Maliyet Giris'!$A$2:$G$550,6,0),"")) | K48: =IF($A48="","",IFERROR(VLOOKUP($A48,'Maliyet Giris'!$A$2:$G$550,7,0),"")) -> 3
A49: =IFERROR(__xludf.DUMMYFUNCTION("""COMPUTED_VALUE"""),8.005852171115E12) -> 8005852171115 | B49: =IFERROR(__xludf.DUMMYFUNCTION("""COMPUTED_VALUE"""),"Schesir") -> Schesir | C49: =IFERROR(__xludf.DUMMYFUNCTION("""COMPUTED_VALUE"""),"Pouch Gravy Tavuklu Kıyılmış Kedi Yaş Maması 85 Gr") -> Pouch Gravy Tavuklu Kıyılmış Kedi Yaş Maması 85 Gr | E49: =IFERROR(__xludf.DUMMYFUNCTION("""COMPUTED_VALUE"""),"Kedi Konserve Maması") -> Kedi Konserve Maması | F49: =IFERROR(__xludf.DUMMYFUNCTION("""COMPUTED_VALUE"""),160.0) -> 160 | G49: =IFERROR(__xludf.DUMMYFUNCTION("""COMPUTED_VALUE"""),138.18) -> 138.18 | H49: =IFERROR(__xludf.DUMMYFUNCTION("""COMPUTED_VALUE"""),50.0) -> 50 | I49: =IFERROR(__xludf.DUMMYFUNCTION("""COMPUTED_VALUE"""),"Onayli") -> Onayli | J49: =IF($A49="","",IFERROR(VLOOKUP($A49,'Maliyet Giris'!$A$2:$G$550,6,0),"")) | K49: =IF($A49="","",IFERROR(VLOOKUP($A49,'Maliyet Giris'!$A$2:$G$550,7,0),"")) -> 3
A50: =IFERROR(__xludf.DUMMYFUNCTION("""COMPUTED_VALUE"""),7.613033560033E12) -> 7613033560033 | B50: =IFERROR(__xludf.DUMMYFUNCTION("""COMPUTED_VALUE"""),"Pro Plan") -> Pro Plan | C50: =IFERROR(__xludf.DUMMYFUNCTION("""COMPUTED_VALUE"""),"Sterilised Hindi-Tavuk Kısırlaştırılmış Kedi Maması 3 Kg") -> Sterilised Hindi-Tavuk Kısırlaştırılmış Kedi Maması 3 Kg | D50: =IFERROR(__xludf.DUMMYFUNCTION("""COMPUTED_VALUE"""),0.0) -> 0 | E50: =IFERROR(__xludf.DUMMYFUNCTION("""COMPUTED_VALUE"""),"Kedi Kuru Maması") -> Kedi Kuru Maması | F50: =IFERROR(__xludf.DUMMYFUNCTION("""COMPUTED_VALUE"""),1320.0) -> 1320 | G50: =IFERROR(__xludf.DUMMYFUNCTION("""COMPUTED_VALUE"""),1299.0) -> 1299 | H50: =IFERROR(__xludf.DUMMYFUNCTION("""COMPUTED_VALUE"""),48.0) -> 48 | I50: =IFERROR(__xludf.DUMMYFUNCTION("""COMPUTED_VALUE"""),"Onayli") -> Onayli | J50: =IF($A50="","",IFERROR(VLOOKUP($A50,'Maliyet Giris'!$A$2:$G$550,6,0),"")) -> 1165 | K50: =IF($A50="","",IFERROR(VLOOKUP($A50,'Maliyet Giris'!$A$2:$G$550,7,0),"")) -> 3
A51: =IFERROR(__xludf.DUMMYFUNCTION("""COMPUTED_VALUE"""),"TYBBR26STPQS3M8793") -> TYBBR26STPQS3M8793 | B51: =IFERROR(__xludf.DUMMYFUNCTION("""COMPUTED_VALUE"""),"Whiskas") -> Whiskas | C51: =IFERROR(__xludf.DUMMYFUNCTION("""COMPUTED_VALUE"""),"Sığır Etli,Biftekli Konserve Kedi Maması 400 Gr X 12 ADET") -> Sığır Etli,Biftekli Konserve Kedi Maması 400 Gr X 12 ADET | E51: =IFERROR(__xludf.DUMMYFUNCTION("""COMPUTED_VALUE"""),"Kedi Konserve Maması") -> Kedi Konserve Maması | F51: =IFERROR(__xludf.DUMMYFUNCTION("""COMPUTED_VALUE"""),1119.0) -> 1119 | H51: =IFERROR(__xludf.DUMMYFUNCTION("""COMPUTED_VALUE"""),0.0) -> 0 | I51: =IFERROR(__xludf.DUMMYFUNCTION("""COMPUTED_VALUE"""),"Onayli - Satista degil") -> Onayli - Satista degil | J51: =IF($A51="","",IFERROR(VLOOKUP($A51,'Maliyet Giris'!$A$2:$G$550,6,0),"")) | K51: =IF($A51="","",IFERROR(VLOOKUP($A51,'Maliyet Giris'!$A$2:$G$550,7,0),"")) -> 3
A52: =IFERROR(__xludf.DUMMYFUNCTION("""COMPUTED_VALUE"""),"TYB2GSN7NL9EBZ6M38") -> TYB2GSN7NL9EBZ6M38 | B52: =IFERROR(__xludf.DUMMYFUNCTION("""COMPUTED_VALUE"""),"Whiskas") -> Whiskas | C52: =IFERROR(__xludf.DUMMYFUNCTION("""COMPUTED_VALUE"""),"Tavuklu Yetişkin Konserve Kedi Maması 400 Gr X 12 ADET") -> Tavuklu Yetişkin Konserve Kedi Maması 400 Gr X 12 ADET | E52: =IFERROR(__xludf.DUMMYFUNCTION("""COMPUTED_VALUE"""),"Kedi Konserve Maması") -> Kedi Konserve Maması | F52: =IFERROR(__xludf.DUMMYFUNCTION("""COMPUTED_VALUE"""),1199.0) -> 1199 | H52: =IFERROR(__xludf.DUMMYFUNCTION("""COMPUTED_VALUE"""),0.0) -> 0 | I52: =IFERROR(__xludf.DUMMYFUNCTION("""COMPUTED_VALUE"""),"Onayli - Satista degil") -> Onayli - Satista degil | J52: =IF($A52="","",IFERROR(VLOOKUP($A52,'Maliyet Giris'!$A$2:$G$550,6,0),"")) -> 792 | K52: =IF($A52="","",IFERROR(VLOOKUP($A52,'Maliyet Giris'!$A$2:$G$550,7,0),"")) -> 3
A53: =IFERROR(__xludf.DUMMYFUNCTION("""COMPUTED_VALUE"""),640020.0) -> 640020 | B53: =IFERROR(__xludf.DUMMYFUNCTION("""COMPUTED_VALUE"""),"Whiskas") -> Whiskas | C53: =IFERROR(__xludf.DUMMYFUNCTION("""COMPUTED_VALUE"""),"Konserve Sığırlı Kedi Mama 24 X 400 gr") -> Konserve Sığırlı Kedi Mama 24 X 400 gr | E53: =IFERROR(__xludf.DUMMYFUNCTION("""COMPUTED_VALUE"""),"Kedi Konserve Maması") -> Kedi Konserve Maması | F53: =IFERROR(__xludf.DUMMYFUNCTION("""COMPUTED_VALUE"""),2199.0) -> 2199 | H53: =IFERROR(__xludf.DUMMYFUNCTION("""COMPUTED_VALUE"""),0.0) -> 0 | I53: =IFERROR(__xludf.DUMMYFUNCTION("""COMPUTED_VALUE"""),"Onayli - Satista degil") -> Onayli - Satista degil | J53: =IF($A53="","",IFERROR(VLOOKUP($A53,'Maliyet Giris'!$A$2:$G$550,6,0),"")) -> 1582 | K53: =IF($A53="","",IFERROR(VLOOKUP($A53,'Maliyet Giris'!$A$2:$G$550,7,0),"")) -> 3
A54: =IFERROR(__xludf.DUMMYFUNCTION("""COMPUTED_VALUE"""),8.681002995178E12) -> 8681002995178 | B54: =IFERROR(__xludf.DUMMYFUNCTION("""COMPUTED_VALUE"""),"Whiskas") -> Whiskas | C54: =IFERROR(__xludf.DUMMYFUNCTION("""COMPUTED_VALUE"""),"Tavuklu Konserve Kedi Maması 400 gr 24x") -> Tavuklu Konserve Kedi Maması 400 gr 24x | E54: =IFERROR(__xludf.DUMMYFUNCTION("""COMPUTED_VALUE"""),"Kedi Konserve Maması") -> Kedi Konserve Maması | F54: =IFERROR(__xludf.DUMMYFUNCTION("""COMPUTED_VALUE"""),2149.0) -> 2149 | G54: =IFERROR(__xludf.DUMMYFUNCTION("""COMPUTED_VALUE"""),2065.0) -> 2065 | H54: =IFERROR(__xludf.DUMMYFUNCTION("""COMPUTED_VALUE"""),2.0) -> 2 | I54: =IFERROR(__xludf.DUMMYFUNCTION("""COMPUTED_VALUE"""),"Onayli") -> Onayli | J54: =IF($A54="","",IFERROR(VLOOKUP($A54,'Maliyet Giris'!$A$2:$G$550,6,0),"")) | K54: =IF($A54="","",IFERROR(VLOOKUP($A54,'Maliyet Giris'!$A$2:$G$550,7,0),"")) -> 3
A55: =IFERROR(__xludf.DUMMYFUNCTION("""COMPUTED_VALUE"""),"TYBK9VXXS6A8F2MQ14") -> TYBK9VXXS6A8F2MQ14 | B55: =IFERROR(__xludf.DUMMYFUNCTION("""COMPUTED_VALUE"""),"Royal Canin") -> Royal Canin | C55: =IFERROR(__xludf.DUMMYFUNCTION("""COMPUTED_VALUE"""),"Indoor 7+ Yaşlı Kedi Maması 3,5 kg") -> Indoor 7+ Yaşlı Kedi Maması 3,5 kg | E55: =IFERROR(__xludf.DUMMYFUNCTION("""COMPUTED_VALUE"""),"Kedi Kuru Maması") -> Kedi Kuru Maması | F55: =IFERROR(__xludf.DUMMYFUNCTION("""COMPUTED_VALUE"""),0.0) -> 0 | H55: =IFERROR(__xludf.DUMMYFUNCTION("""COMPUTED_VALUE"""),0.0) -> 0 | I55: =IFERROR(__xludf.DUMMYFUNCTION("""COMPUTED_VALUE"""),"Onayli - Satista degil") -> Onayli - Satista degil | J55: =IF($A55="","",IFERROR(VLOOKUP($A55,'Maliyet Giris'!$A$2:$G$550,6,0),"")) -> 1 | K55: =IF($A55="","",IFERROR(VLOOKUP($A55,'Maliyet Giris'!$A$2:$G$550,7,0),"")) -> 3
A56: =IFERROR(__xludf.DUMMYFUNCTION("""COMPUTED_VALUE"""),8.681002994201E12) -> 8681002994201 | B56: =IFERROR(__xludf.DUMMYFUNCTION("""COMPUTED_VALUE"""),"Dreamies") -> Dreamies | C56: =IFERROR(__xludf.DUMMYFUNCTION("""COMPUTED_VALUE"""),"Somonlu Mega Kedi Ödül Maması 180 G 4X") -> Somonlu Mega Kedi Ödül Maması 180 G 4X | E56: =IFERROR(__xludf.DUMMYFUNCTION("""COMPUTED_VALUE"""),"Kedi Ödülü") -> Kedi Ödülü | F56: =IFERROR(__xludf.DUMMYFUNCTION("""COMPUTED_VALUE"""),750.0) -> 750 | G56: =IFERROR(__xludf.DUMMYFUNCTION("""COMPUTED_VALUE"""),414.5) -> 414.5 | H56: =IFERROR(__xludf.DUMMYFUNCTION("""COMPUTED_VALUE"""),100.0) -> 100 | I56: =IFERROR(__xludf.DUMMYFUNCTION("""COMPUTED_VALUE"""),"Onayli") -> Onayli | J56: =IF($A56="","",IFERROR(VLOOKUP($A56,'Maliyet Giris'!$A$2:$G$550,6,0),"")) -> 85 | K56: =IF($A56="","",IFERROR(VLOOKUP($A56,'Maliyet Giris'!$A$2:$G$550,7,0),"")) -> 0.5
A57: =IFERROR(__xludf.DUMMYFUNCTION("""COMPUTED_VALUE"""),"TYBUE8L7NU7ALS2Y13") -> TYBUE8L7NU7ALS2Y13 | B57: =IFERROR(__xludf.DUMMYFUNCTION("""COMPUTED_VALUE"""),"Royal Canin") -> Royal Canin | C57: =IFERROR(__xludf.DUMMYFUNCTION("""COMPUTED_VALUE"""),"Royal Canın French Bulldog Puppy 3kg") -> Royal Canın French Bulldog Puppy 3kg | E57: =IFERROR(__xludf.DUMMYFUNCTION("""COMPUTED_VALUE"""),"Köpek Kuru Maması") -> Köpek Kuru Maması | F57: =IFERROR(__xludf.DUMMYFUNCTION("""COMPUTED_VALUE"""),0.0) -> 0 | H57: =IFERROR(__xludf.DUMMYFUNCTION("""COMPUTED_VALUE"""),0.0) -> 0 | I57: =IFERROR(__xludf.DUMMYFUNCTION("""COMPUTED_VALUE"""),"Onayli - Satista degil") -> Onayli - Satista degil | J57: =IF($A57="","",IFERROR(VLOOKUP($A57,'Maliyet Giris'!$A$2:$G$550,6,0),"")) -> 1228 | K57: =IF($A57="","",IFERROR(VLOOKUP($A57,'Maliyet Giris'!$A$2:$G$550,7,0),"")) -> 3
A58: =IFERROR(__xludf.DUMMYFUNCTION("""COMPUTED_VALUE"""),3.182550784399E12) -> 3182550784399 | B58: =IFERROR(__xludf.DUMMYFUNCTION("""COMPUTED_VALUE"""),"Royal Canin") -> Royal Canin | C58: =IFERROR(__xludf.DUMMYFUNCTION("""COMPUTED_VALUE"""),"Indoor 7 Ev Kedileri Için Yaşlı Kedi Maması 1,5kg") -> Indoor 7 Ev Kedileri Için Yaşlı Kedi Maması 1,5kg | E58: =IFERROR(__xludf.DUMMYFUNCTION("""COMPUTED_VALUE"""),"Kedi Kuru Maması") -> Kedi Kuru Maması | F58: =IFERROR(__xludf.DUMMYFUNCTION("""COMPUTED_VALUE"""),0.0) -> 0 | H58: =IFERROR(__xludf.DUMMYFUNCTION("""COMPUTED_VALUE"""),0.0) -> 0 | I58: =IFERROR(__xludf.DUMMYFUNCTION("""COMPUTED_VALUE"""),"Onayli - Satista degil") -> Onayli - Satista degil | J58: =IF($A58="","",IFERROR(VLOOKUP($A58,'Maliyet Giris'!$A$2:$G$550,6,0),"")) -> 1 | K58: =IF($A58="","",IFERROR(VLOOKUP($A58,'Maliyet Giris'!$A$2:$G$550,7,0),"")) -> 3
A59: =IFERROR(__xludf.DUMMYFUNCTION("""COMPUTED_VALUE"""),"TYBPC0369DN0S47078") -> TYBPC0369DN0S47078 | B59: =IFERROR(__xludf.DUMMYFUNCTION("""COMPUTED_VALUE"""),"Whiskas") -> Whiskas | C59: =IFERROR(__xludf.DUMMYFUNCTION("""COMPUTED_VALUE"""),"Sığır - Tavuk - Somon - Ton Balıklı Karışık Yaş Kedi Maması 28 Adet 85 Gr.") -> Sığır - Tavuk - Somon - Ton Balıklı Karışık Yaş Kedi Maması 28 Adet 85 Gr. | E59: =IFERROR(__xludf.DUMMYFUNCTION("""COMPUTED_VALUE"""),"Kedi Konserve Maması") -> Kedi Konserve Maması | F59: =IFERROR(__xludf.DUMMYFUNCTION("""COMPUTED_VALUE"""),859.0) -> 859 | G59: =IFERROR(__xludf.DUMMYFUNCTION("""COMPUTED_VALUE"""),690.0) -> 690 | H59: =IFERROR(__xludf.DUMMYFUNCTION("""COMPUTED_VALUE"""),97.0) -> 97 | I59: =IFERROR(__xludf.DUMMYFUNCTION("""COMPUTED_VALUE"""),"Onayli") -> Onayli | J59: =IF($A59="","",IFERROR(VLOOKUP($A59,'Maliyet Giris'!$A$2:$G$550,6,0),"")) -> 1 | K59: =IF($A59="","",IFERROR(VLOOKUP($A59,'Maliyet Giris'!$A$2:$G$550,7,0),"")) -> 3
A60: =IFERROR(__xludf.DUMMYFUNCTION("""COMPUTED_VALUE"""),8.745236589541E12) -> 8745236589541 | B60: =IFERROR(__xludf.DUMMYFUNCTION("""COMPUTED_VALUE"""),"FELIX") -> FELIX | C60: =IFERROR(__xludf.DUMMYFUNCTION("""COMPUTED_VALUE"""),"Pouch Karışık Yaş Kedi Maması 100 Adet") -> Pouch Karışık Yaş Kedi Maması 100 Adet | E60: =IFERROR(__xludf.DUMMYFUNCTION("""COMPUTED_VALUE"""),"Kedi Konserve Maması") -> Kedi Konserve Maması | F60: =IFERROR(__xludf.DUMMYFUNCTION("""COMPUTED_VALUE"""),2247.0) -> 2247 | G60: =IFERROR(__xludf.DUMMYFUNCTION("""COMPUTED_VALUE"""),2247.0) -> 2247 | H60: =IFERROR(__xludf.DUMMYFUNCTION("""COMPUTED_VALUE"""),498.0) -> 498 | I60: =IFERROR(__xludf.DUMMYFUNCTION("""COMPUTED_VALUE"""),"Onayli") -> Onayli | J60: =IF($A60="","",IFERROR(VLOOKUP($A60,'Maliyet Giris'!$A$2:$G$550,6,0),"")) -> 1500 | K60: =IF($A60="","",IFERROR(VLOOKUP($A60,'Maliyet Giris'!$A$2:$G$550,7,0),"")) -> 3
A61: =IFERROR(__xludf.DUMMYFUNCTION("""COMPUTED_VALUE"""),8.694867251443E12) -> 8694867251443 | B61: =IFERROR(__xludf.DUMMYFUNCTION("""COMPUTED_VALUE"""),"Purina Felix") -> Purina Felix | C61: =IFERROR(__xludf.DUMMYFUNCTION("""COMPUTED_VALUE"""),"Felix Karışık Yaş Kedi Maması 20 Adet") -> Felix Karışık Yaş Kedi Maması 20 Adet | E61: =IFERROR(__xludf.DUMMYFUNCTION("""COMPUTED_VALUE"""),"Kedi Konserve Maması") -> Kedi Konserve Maması | F61: =IFERROR(__xludf.DUMMYFUNCTION("""COMPUTED_VALUE"""),680.0) -> 680 | G61: =IFERROR(__xludf.DUMMYFUNCTION("""COMPUTED_VALUE"""),476.0) -> 476 | H61: =IFERROR(__xludf.DUMMYFUNCTION("""COMPUTED_VALUE"""),990.0) -> 990 | I61: =IFERROR(__xludf.DUMMYFUNCTION("""COMPUTED_VALUE"""),"Onayli") -> Onayli | J61: =IF($A61="","",IFERROR(VLOOKUP($A61,'Maliyet Giris'!$A$2:$G$550,6,0),"")) -> 300 | K61: =IF($A61="","",IFERROR(VLOOKUP($A61,'Maliyet Giris'!$A$2:$G$550,7,0),"")) -> 3
A62: =IFERROR(__xludf.DUMMYFUNCTION("""COMPUTED_VALUE"""),"TYPET19") -> TYPET19 | B62: =IFERROR(__xludf.DUMMYFUNCTION("""COMPUTED_VALUE"""),"FELIX") -> FELIX | C62: =IFERROR(__xludf.DUMMYFUNCTION("""COMPUTED_VALUE"""),"Karma Paket Kedi Konserve Maması 28 Adet X 85gr") -> Karma Paket Kedi Konserve Maması 28 Adet X 85gr | E62: =IFERROR(__xludf.DUMMYFUNCTION("""COMPUTED_VALUE"""),"Kedi Konserve Maması") -> Kedi Konserve Maması | F62: =IFERROR(__xludf.DUMMYFUNCTION("""COMPUTED_VALUE"""),629.0) -> 629 | G62: =IFERROR(__xludf.DUMMYFUNCTION("""COMPUTED_VALUE"""),630.0) -> 630 | H62: =IFERROR(__xludf.DUMMYFUNCTION("""COMPUTED_VALUE"""),998.0) -> 998 | I62: =IFERROR(__xludf.DUMMYFUNCTION("""COMPUTED_VALUE"""),"Onayli") -> Onayli | J62: =IF($A62="","",IFERROR(VLOOKUP($A62,'Maliyet Giris'!$A$2:$G$550,6,0),"")) -> 420 | K62: =IF($A62="","",IFERROR(VLOOKUP($A62,'Maliyet Giris'!$A$2:$G$550,7,0),"")) -> 3
A63: =IFERROR(__xludf.DUMMYFUNCTION("""COMPUTED_VALUE"""),"63773829299393728") -> 63773829299393728 | B63: =IFERROR(__xludf.DUMMYFUNCTION("""COMPUTED_VALUE"""),"FELIX") -> FELIX | C63: =IFERROR(__xludf.DUMMYFUNCTION("""COMPUTED_VALUE"""),"Karışık Yaş Kedi Maması Serisi 12 Adet Yeni Çeşitleri Ile") -> Karışık Yaş Kedi Maması Serisi 12 Adet Yeni Çeşitleri Ile | E63: =IFERROR(__xludf.DUMMYFUNCTION("""COMPUTED_VALUE"""),"Kedi Kuru Maması") -> Kedi Kuru Maması | F63: =IFERROR(__xludf.DUMMYFUNCTION("""COMPUTED_VALUE"""),319.0) -> 319 | G63: =IFERROR(__xludf.DUMMYFUNCTION("""COMPUTED_VALUE"""),319.0) -> 319 | H63: =IFERROR(__xludf.DUMMYFUNCTION("""COMPUTED_VALUE"""),170.0) -> 170 | I63: =IFERROR(__xludf.DUMMYFUNCTION("""COMPUTED_VALUE"""),"Onayli") -> Onayli | J63: =IF($A63="","",IFERROR(VLOOKUP($A63,'Maliyet Giris'!$A$2:$G$550,6,0),"")) -> 180 | K63: =IF($A63="","",IFERROR(VLOOKUP($A63,'Maliyet Giris'!$A$2:$G$550,7,0),"")) -> 3
A64: =IFERROR(__xludf.DUMMYFUNCTION("""COMPUTED_VALUE"""),1.613036962014E12) -> 1613036962014 | B64: =IFERROR(__xludf.DUMMYFUNCTION("""COMPUTED_VALUE"""),"FELIX") -> FELIX | C64: =IFERROR(__xludf.DUMMYFUNCTION("""COMPUTED_VALUE"""),"Somonlu Ton Balıklı Yaş Kedi Maması X 20 Adet") -> Somonlu Ton Balıklı Yaş Kedi Maması X 20 Adet | E64: =IFERROR(__xludf.DUMMYFUNCTION("""COMPUTED_VALUE"""),"Kedi Kuru Maması") -> Kedi Kuru Maması | F64: =IFERROR(__xludf.DUMMYFUNCTION("""COMPUTED_VALUE"""),725.0) -> 725 | G64: =IFERROR(__xludf.DUMMYFUNCTION("""COMPUTED_VALUE"""),725.0) -> 725 | H64: =IFERROR(__xludf.DUMMYFUNCTION("""COMPUTED_VALUE"""),200.0) -> 200 | I64: =IFERROR(__xludf.DUMMYFUNCTION("""COMPUTED_VALUE"""),"Onayli") -> Onayli | J64: =IF($A64="","",IFERROR(VLOOKUP($A64,'Maliyet Giris'!$A$2:$G$550,6,0),"")) -> 300 | K64: =IF($A64="","",IFERROR(VLOOKUP($A64,'Maliyet Giris'!$A$2:$G$550,7,0),"")) -> 3
A65: =IFERROR(__xludf.DUMMYFUNCTION("""COMPUTED_VALUE"""),8.681002997592E12) -> 8681002997592 | B65: =IFERROR(__xludf.DUMMYFUNCTION("""COMPUTED_VALUE"""),"Dreamies") -> Dreamies | C65: =IFERROR(__xludf.DUMMYFUNCTION("""COMPUTED_VALUE"""),"Kedi Ödül Maması Karışık Paket 60 Gr X 36 Adet") -> Kedi Ödül Maması Karışık Paket 60 Gr X 36 Adet | E65: =IFERROR(__xludf.DUMMYFUNCTION("""COMPUTED_VALUE"""),"Kedi Ödülü") -> Kedi Ödülü | F65: =IFERROR(__xludf.DUMMYFUNCTION("""COMPUTED_VALUE"""),1750.0) -> 1750 | G65: =IFERROR(__xludf.DUMMYFUNCTION("""COMPUTED_VALUE"""),1455.0) -> 1455 | H65: =IFERROR(__xludf.DUMMYFUNCTION("""COMPUTED_VALUE"""),99.0) -> 99 | I65: =IFERROR(__xludf.DUMMYFUNCTION("""COMPUTED_VALUE"""),"Onayli") -> Onayli | J65: =IF($A65="","",IFERROR(VLOOKUP($A65,'Maliyet Giris'!$A$2:$G$550,6,0),"")) -> 100 | K65: =IF($A65="","",IFERROR(VLOOKUP($A65,'Maliyet Giris'!$A$2:$G$550,7,0),"")) -> 0.5
A66: =IFERROR(__xludf.DUMMYFUNCTION("""COMPUTED_VALUE"""),6.2420056724154E13) -> 62420056724154 | B66: =IFERROR(__xludf.DUMMYFUNCTION("""COMPUTED_VALUE"""),"Dreamies") -> Dreamies | C66: =IFERROR(__xludf.DUMMYFUNCTION("""COMPUTED_VALUE"""),"Kedi Ödül Maması Karışık 60 gr X 24 Adet") -> Kedi Ödül Maması Karışık 60 gr X 24 Adet | E66: =IFERROR(__xludf.DUMMYFUNCTION("""COMPUTED_VALUE"""),"Kedi Kuru Maması") -> Kedi Kuru Maması | F66: =IFERROR(__xludf.DUMMYFUNCTION("""COMPUTED_VALUE"""),1350.0) -> 1350 | G66: =IFERROR(__xludf.DUMMYFUNCTION("""COMPUTED_VALUE"""),1019.08) -> 1019.08 | H66: =IFERROR(__xludf.DUMMYFUNCTION("""COMPUTED_VALUE"""),1000.0) -> 1000 | I66: =IFERROR(__xludf.DUMMYFUNCTION("""COMPUTED_VALUE"""),"Onayli") -> Onayli | J66: =IF($A66="","",IFERROR(VLOOKUP($A66,'Maliyet Giris'!$A$2:$G$550,6,0),"")) -> 10 | K66: =IF($A66="","",IFERROR(VLOOKUP($A66,'Maliyet Giris'!$A$2:$G$550,7,0),"")) -> 3
A67: =IFERROR(__xludf.DUMMYFUNCTION("""COMPUTED_VALUE"""),"TYBJH953EK2C3Z3444") -> TYBJH953EK2C3Z3444 | B67: =IFERROR(__xludf.DUMMYFUNCTION("""COMPUTED_VALUE"""),"Dreamies") -> Dreamies | C67: =IFERROR(__xludf.DUMMYFUNCTION("""COMPUTED_VALUE"""),"Kedi Ödülü Seti Sığırlı, Somonlu, Peynirli, Tavuklu, Somonlu Peynir, Ördekli 6 Adet") -> Kedi Ödülü Seti Sığırlı, Somonlu, Peynirli, Tavuklu, Somonlu Peynir, Ördekli 6 Adet | E67: =IFERROR(__xludf.DUMMYFUNCTION("""COMPUTED_VALUE"""),"Kedi Ödülü") -> Kedi Ödülü | F67: =IFERROR(__xludf.DUMMYFUNCTION("""COMPUTED_VALUE"""),700.0) -> 700 | G67: =IFERROR(__xludf.DUMMYFUNCTION("""COMPUTED_VALUE"""),374.0) -> 374 | H67: =IFERROR(__xludf.DUMMYFUNCTION("""COMPUTED_VALUE"""),100.0) -> 100 | I67: =IFERROR(__xludf.DUMMYFUNCTION("""COMPUTED_VALUE"""),"Onayli") -> Onayli | J67: =IF($A67="","",IFERROR(VLOOKUP($A67,'Maliyet Giris'!$A$2:$G$550,6,0),"")) -> 10 | K67: =IF($A67="","",IFERROR(VLOOKUP($A67,'Maliyet Giris'!$A$2:$G$550,7,0),"")) -> 0.5
A68: =IFERROR(__xludf.DUMMYFUNCTION("""COMPUTED_VALUE"""),5.998749129968E12) -> 5998749129968 | B68: =IFERROR(__xludf.DUMMYFUNCTION("""COMPUTED_VALUE"""),"Whiskas") -> Whiskas | C68: =IFERROR(__xludf.DUMMYFUNCTION("""COMPUTED_VALUE"""),"Ton Balıklı 1,4 Kg Kuru Mama") -> Ton Balıklı 1,4 Kg Kuru Mama | E68: =IFERROR(__xludf.DUMMYFUNCTION("""COMPUTED_VALUE"""),"Kedi Kuru Maması") -> Kedi Kuru Maması | F68: =IFERROR(__xludf.DUMMYFUNCTION("""COMPUTED_VALUE"""),600.0) -> 600 | H68: =IFERROR(__xludf.DUMMYFUNCTION("""COMPUTED_VALUE"""),0.0) -> 0 | I68: =IFERROR(__xludf.DUMMYFUNCTION("""COMPUTED_VALUE"""),"Onayli - Satista degil") -> Onayli - Satista degil | J68: =IF($A68="","",IFERROR(VLOOKUP($A68,'Maliyet Giris'!$A$2:$G$550,6,0),"")) -> 1 | K68: =IF($A68="","",IFERROR(VLOOKUP($A68,'Maliyet Giris'!$A$2:$G$550,7,0),"")) -> 3
A69: =IFERROR(__xludf.DUMMYFUNCTION("""COMPUTED_VALUE"""),5.900951014345E12) -> 5900951014345 | B69: =IFERROR(__xludf.DUMMYFUNCTION("""COMPUTED_VALUE"""),"Whiskas") -> Whiskas | C69: =IFERROR(__xludf.DUMMYFUNCTION("""COMPUTED_VALUE"""),"Biftekli Yetişkin Kedi Maması 14 Kg") -> Biftekli Yetişkin Kedi Maması 14 Kg | E69: =IFERROR(__xludf.DUMMYFUNCTION("""COMPUTED_VALUE"""),"Kedi Kuru Maması") -> Kedi Kuru Maması | F69: =IFERROR(__xludf.DUMMYFUNCTION("""COMPUTED_VALUE"""),5500.0) -> 5500 | H69: =IFERROR(__xludf.DUMMYFUNCTION("""COMPUTED_VALUE"""),0.0) -> 0 | I69: =IFERROR(__xludf.DUMMYFUNCTION("""COMPUTED_VALUE"""),"Onayli - Satista degil") -> Onayli - Satista degil | J69: =IF($A69="","",IFERROR(VLOOKUP($A69,'Maliyet Giris'!$A$2:$G$550,6,0),"")) | K69: =IF($A69="","",IFERROR(VLOOKUP($A69,'Maliyet Giris'!$A$2:$G$550,7,0),"")) -> 3
A70: =IFERROR(__xludf.DUMMYFUNCTION("""COMPUTED_VALUE"""),4.77060823913824E14) -> 477060823913824 | B70: =IFERROR(__xludf.DUMMYFUNCTION("""COMPUTED_VALUE"""),"Whiskas") -> Whiskas | C70: =IFERROR(__xludf.DUMMYFUNCTION("""COMPUTED_VALUE"""),"Klasik Öğünler Sos Içinde Sığırlı Ve Tavuklu Yetişkin Kedi Maması 24 X 85 G") -> Klasik Öğünler Sos Içinde Sığırlı Ve Tavuklu Yetişkin Kedi Maması 24 X 85 G | E70: =IFERROR(__xludf.DUMMYFUNCTION("""COMPUTED_VALUE"""),"Kedi Konserve Maması") -> Kedi Konserve Maması | F70: =IFERROR(__xludf.DUMMYFUNCTION("""COMPUTED_VALUE"""),800.0) -> 800 | G70: =IFERROR(__xludf.DUMMYFUNCTION("""COMPUTED_VALUE"""),800.0) -> 800 | H70: =IFERROR(__xludf.DUMMYFUNCTION("""COMPUTED_VALUE"""),100.0) -> 100 | I70: =IFERROR(__xludf.DUMMYFUNCTION("""COMPUTED_VALUE"""),"Onayli") -> Onayli | J70: =IF($A70="","",IFERROR(VLOOKUP($A70,'Maliyet Giris'!$A$2:$G$550,6,0),"")) -> 1 | K70: =IF($A70="","",IFERROR(VLOOKUP($A70,'Maliyet Giris'!$A$2:$G$550,7,0),"")) -> 3
A71: =IFERROR(__xludf.DUMMYFUNCTION("""COMPUTED_VALUE"""),8.68447746204E12) -> 8684477462040 | B71: =IFERROR(__xludf.DUMMYFUNCTION("""COMPUTED_VALUE"""),"Felicia") -> Felicia | C71: =IFERROR(__xludf.DUMMYFUNCTION("""COMPUTED_VALUE"""),"2 Adet Adult Cat Light & Sterilised Somonlu Kısır Yetişkin Kedi Maması 2 kg x 2 = 4 kg") -> 2 Adet Adult Cat Light & Sterilised Somonlu Kısır Yetişkin Kedi Maması 2 kg x 2 = 4 kg | E71: =IFERROR(__xludf.DUMMYFUNCTION("""COMPUTED_VALUE"""),"Kedi Kuru Maması") -> Kedi Kuru Maması | F71: =IFERROR(__xludf.DUMMYFUNCTION("""COMPUTED_VALUE"""),1188.0) -> 1188 | H71: =IFERROR(__xludf.DUMMYFUNCTION("""COMPUTED_VALUE"""),0.0) -> 0 | I71: =IFERROR(__xludf.DUMMYFUNCTION("""COMPUTED_VALUE"""),"Onayli - Satista degil") -> Onayli - Satista degil | J71: =IF($A71="","",IFERROR(VLOOKUP($A71,'Maliyet Giris'!$A$2:$G$550,6,0),"")) -> 743 | K71: =IF($A71="","",IFERROR(VLOOKUP($A71,'Maliyet Giris'!$A$2:$G$550,7,0),"")) -> 3
A72: =IFERROR(__xludf.DUMMYFUNCTION("""COMPUTED_VALUE"""),3.208202001E9) -> 3208202001 | B72: =IFERROR(__xludf.DUMMYFUNCTION("""COMPUTED_VALUE"""),"Felicia") -> Felicia | C72: =IFERROR(__xludf.DUMMYFUNCTION("""COMPUTED_VALUE"""),"Kitten Mother & Kitten Kuzu Etli Yavru Kedi Maması 2 Kg") -> Kitten Mother & Kitten Kuzu Etli Yavru Kedi Maması 2 Kg | E72: =IFERROR(__xludf.DUMMYFUNCTION("""COMPUTED_VALUE"""),"Kedi Kuru Maması") -> Kedi Kuru Maması | F72: =IFERROR(__xludf.DUMMYFUNCTION("""COMPUTED_VALUE"""),625.0) -> 625 | H72: =IFERROR(__xludf.DUMMYFUNCTION("""COMPUTED_VALUE"""),0.0) -> 0 | I72: =IFERROR(__xludf.DUMMYFUNCTION("""COMPUTED_VALUE"""),"Onayli - Satista degil") -> Onayli - Satista degil | J72: =IF($A72="","",IFERROR(VLOOKUP($A72,'Maliyet Giris'!$A$2:$G$550,6,0),"")) -> 406 | K72: =IF($A72="","",IFERROR(VLOOKUP($A72,'Maliyet Giris'!$A$2:$G$550,7,0),"")) -> 3
A73: =IFERROR(__xludf.DUMMYFUNCTION("""COMPUTED_VALUE"""),8.681299601295E12) -> 8681299601295 | B73: =IFERROR(__xludf.DUMMYFUNCTION("""COMPUTED_VALUE"""),"Felicia") -> Felicia | C73: =IFERROR(__xludf.DUMMYFUNCTION("""COMPUTED_VALUE"""),"12 Kg Yetişkin Tavuklu Az Tahıllı HypoAllergenic Kedi Maması") -> 12 Kg Yetişkin Tavuklu Az Tahıllı HypoAllergenic Kedi Maması | E73: =IFERROR(__xludf.DUMMYFUNCTION("""COMPUTED_VALUE"""),"Kedi Kuru Maması") -> Kedi Kuru Maması | F73: =IFERROR(__xludf.DUMMYFUNCTION("""COMPUTED_VALUE"""),2999.0) -> 2999 | H73: =IFERROR(__xludf.DUMMYFUNCTION("""COMPUTED_VALUE"""),0.0) -> 0 | I73: =IFERROR(__xludf.DUMMYFUNCTION("""COMPUTED_VALUE"""),"Onayli - Satista degil") -> Onayli - Satista degil | J73: =IF($A73="","",IFERROR(VLOOKUP($A73,'Maliyet Giris'!$A$2:$G$550,6,0),"")) -> 2065 | K73: =IF($A73="","",IFERROR(VLOOKUP($A73,'Maliyet Giris'!$A$2:$G$550,7,0),"")) -> 3
A74: =IFERROR(__xludf.DUMMYFUNCTION("""COMPUTED_VALUE"""),8.682221365903E12) -> 8682221365903 | B74: =IFERROR(__xludf.DUMMYFUNCTION("""COMPUTED_VALUE"""),"Felicia") -> Felicia | C74: =IFERROR(__xludf.DUMMYFUNCTION("""COMPUTED_VALUE"""),"Kolajen Destekli Hipoalerjenik Somonlu Kısırlaştırılmış Yetişkin Kedi Maması 12KG") -> Kolajen Destekli Hipoalerjenik Somonlu Kısırlaştırılmış Yetişkin Kedi Maması 12KG | E74: =IFERROR(__xludf.DUMMYFUNCTION("""COMPUTED_VALUE"""),"Kedi Kuru Maması") -> Kedi Kuru Maması | F74: =IFERROR(__xludf.DUMMYFUNCTION("""COMPUTED_VALUE"""),2999.0) -> 2999 | H74: =IFERROR(__xludf.DUMMYFUNCTION("""COMPUTED_VALUE"""),0.0) -> 0 | I74: =IFERROR(__xludf.DUMMYFUNCTION("""COMPUTED_VALUE"""),"Onayli - Satista degil") -> Onayli - Satista degil | J74: =IF($A74="","",IFERROR(VLOOKUP($A74,'Maliyet Giris'!$A$2:$G$550,6,0),"")) -> 2109 | K74: =IF($A74="","",IFERROR(VLOOKUP($A74,'Maliyet Giris'!$A$2:$G$550,7,0),"")) -> 3
A75: =IFERROR(__xludf.DUMMYFUNCTION("""COMPUTED_VALUE"""),"HBCV00009IIHX6") -> HBCV00009IIHX6 | B75: =IFERROR(__xludf.DUMMYFUNCTION("""COMPUTED_VALUE"""),"Felicia") -> Felicia | C75: =IFERROR(__xludf.DUMMYFUNCTION("""COMPUTED_VALUE"""),"12 Kg Yetişkin Kuzu Etli Az Tahıllı HypoAllergenic Kedi Maması") -> 12 Kg Yetişkin Kuzu Etli Az Tahıllı HypoAllergenic Kedi Maması | E75: =IFERROR(__xludf.DUMMYFUNCTION("""COMPUTED_VALUE"""),"Kedi Kuru Maması") -> Kedi Kuru Maması | F75: =IFERROR(__xludf.DUMMYFUNCTION("""COMPUTED_VALUE"""),2999.0) -> 2999 | H75: =IFERROR(__xludf.DUMMYFUNCTION("""COMPUTED_VALUE"""),0.0) -> 0 | I75: =IFERROR(__xludf.DUMMYFUNCTION("""COMPUTED_VALUE"""),"Onayli - Satista degil") -> Onayli - Satista degil | J75: =IF($A75="","",IFERROR(VLOOKUP($A75,'Maliyet Giris'!$A$2:$G$550,6,0),"")) -> 2354 | K75: =IF($A75="","",IFERROR(VLOOKUP($A75,'Maliyet Giris'!$A$2:$G$550,7,0),"")) -> 3
A76: =IFERROR(__xludf.DUMMYFUNCTION("""COMPUTED_VALUE"""),"TYBKT7IU1SQMILM116") -> TYBKT7IU1SQMILM116 | B76: =IFERROR(__xludf.DUMMYFUNCTION("""COMPUTED_VALUE"""),"Felicia") -> Felicia | C76: =IFERROR(__xludf.DUMMYFUNCTION("""COMPUTED_VALUE"""),"Düşük Tahıllı Kuzulu Yavru Kedi Maması 2 Kg") -> Düşük Tahıllı Kuzulu Yavru Kedi Maması 2 Kg | E76: =IFERROR(__xludf.DUMMYFUNCTION("""COMPUTED_VALUE"""),"Kedi Kuru Maması") -> Kedi Kuru Maması | F76: =IFERROR(__xludf.DUMMYFUNCTION("""COMPUTED_VALUE"""),649.0) -> 649 | H76: =IFERROR(__xludf.DUMMYFUNCTION("""COMPUTED_VALUE"""),0.0) -> 0 | I76: =IFERROR(__xludf.DUMMYFUNCTION("""COMPUTED_VALUE"""),"Onayli - Satista degil") -> Onayli - Satista degil | J76: =IF($A76="","",IFERROR(VLOOKUP($A76,'Maliyet Giris'!$A$2:$G$550,6,0),"")) -> 406 | K76: =IF($A76="","",IFERROR(VLOOKUP($A76,'Maliyet Giris'!$A$2:$G$550,7,0),"")) -> 3
A77: =IFERROR(__xludf.DUMMYFUNCTION("""COMPUTED_VALUE"""),"TYBBUNMP3OTIAJT024") -> TYBBUNMP3OTIAJT024 | B77: =IFERROR(__xludf.DUMMYFUNCTION("""COMPUTED_VALUE"""),"Felicia") -> Felicia | C77: =IFERROR(__xludf.DUMMYFUNCTION("""COMPUTED_VALUE"""),"2 Kg Yetişkin Tavuklu Az Tahıllı HypoAllergenic Kedi Maması") -> 2 Kg Yetişkin Tavuklu Az Tahıllı HypoAllergenic Kedi Maması | E77: =IFERROR(__xludf.DUMMYFUNCTION("""COMPUTED_VALUE"""),"Kedi Kuru Maması") -> Kedi Kuru Maması | F77: =IFERROR(__xludf.DUMMYFUNCTION("""COMPUTED_VALUE"""),599.0) -> 599 | H77: =IFERROR(__xludf.DUMMYFUNCTION("""COMPUTED_VALUE"""),0.0) -> 0 | I77: =IFERROR(__xludf.DUMMYFUNCTION("""COMPUTED_VALUE"""),"Onayli - Satista degil") -> Onayli - Satista degil | J77: =IF($A77="","",IFERROR(VLOOKUP($A77,'Maliyet Giris'!$A$2:$G$550,6,0),"")) -> 359 | K77: =IF($A77="","",IFERROR(VLOOKUP($A77,'Maliyet Giris'!$A$2:$G$550,7,0),"")) -> 3
A78: =IFERROR(__xludf.DUMMYFUNCTION("""COMPUTED_VALUE"""),8.681299606641E12) -> 8681299606641 | B78: =IFERROR(__xludf.DUMMYFUNCTION("""COMPUTED_VALUE"""),"Felicia") -> Felicia | C78: =IFERROR(__xludf.DUMMYFUNCTION("""COMPUTED_VALUE"""),"2 kg Sterilised Tavuklu Az Tahıllı HypoAllergenic Kedi Maması") -> 2 kg Sterilised Tavuklu Az Tahıllı HypoAllergenic Kedi Maması | E78: =IFERROR(__xludf.DUMMYFUNCTION("""COMPUTED_VALUE"""),"Kedi Kuru Maması") -> Kedi Kuru Maması | F78: =IFERROR(__xludf.DUMMYFUNCTION("""COMPUTED_VALUE"""),599.0) -> 599 | H78: =IFERROR(__xludf.DUMMYFUNCTION("""COMPUTED_VALUE"""),0.0) -> 0 | I78: =IFERROR(__xludf.DUMMYFUNCTION("""COMPUTED_VALUE"""),"Onayli - Satista degil") -> Onayli - Satista degil | J78: =IF($A78="","",IFERROR(VLOOKUP($A78,'Maliyet Giris'!$A$2:$G$550,6,0),"")) -> 383 | K78: =IF($A78="","",IFERROR(VLOOKUP($A78,'Maliyet Giris'!$A$2:$G$550,7,0),"")) -> 3
